Name,Year,Rating,Votes
102 Not Out,(2018),7.4,6619
13B: Fear Has a New Address,(2009),7.3,6329
2 States,(2014),6.9,24034
2.0,(2018),6.2,21938
3 Idiots,(2009),8.4,357889
7 Khoon Maaf,(2011),6.1,5640
8 x 10 Tasveer,(2009),5.4,5459
A Gentleman,(2017),6.2,5227
A Wednesday,(2008),8.1,75118
Aamir,(2008),7.7,10862
Aankhen,(2002),7.4,12574
Aarakshan,(2011),6.2,5170
Aashiqui 2,(2013),7.0,27357
Ab Tak Chhappan,(2004),7.8,8379
ABCD (Any Body Can Dance),(2013),6.3,6458
Action Replayy,(2010),4.2,5814
Ae Dil Hai Mushkil,(2016),5.8,21661
Agent Vinod,(2012),5.2,7210
Agneepath,(1990),7.7,8500
Agneepath,(2012),6.9,22895
Airlift,(2016),8.0,53897
Aitraaz,(2004),6.6,9721
Ajab Prem Ki Ghazab Kahani,(2009),6.4,13194
Ajnabee,(2001),6.4,8164
AK vs AK,(2020),6.9,12429
Aligarh,(2015),7.8,6402
All the Best: Fun Begins,(2009),6.2,5786
"Amar, Akbar and Anthony",(1977),7.5,7336
Anand,(1971),8.3,31937
Andaz Apna Apna,(1994),8.1,50810
Andhadhun,(2018),8.2,77901
Angrezi Medium,(2020),7.3,11700
Anjaam,(1994),6.9,6093
Anjaana Anjaani,(2010),5.8,6416
Ankhon Dekhi,(2013),8.0,10673
Any Body Can Dance 2,(2015),5.4,5733
Article 15,(2019),8.2,25706
Ashoka the Great,(2001),6.5,13502
Atithi Tum Kab Jaoge?,(2010),6.4,5383
Awara Paagal Deewana,(2002),6.2,7775
Awarapan,(2007),7.3,6737
Azhar,(2016),5.7,5328
Baadshah,(1999),6.9,17279
Baaghi,(2016),5.2,7912
Baaghi 2,(2018),4.8,9625
Baaghi 3,(2020),2.1,10309
Baar Baar Dekho,(2016),5.3,6423
Baazigar,(1993),7.7,26583
Baby,(2015),8.0,53997
Bachna Ae Haseeno,(2008),6.1,10674
Badhaai Ho,(2018),8.0,29518
Badla,(2019),7.8,23890
Badlapur,(2015),7.4,22324
Badmaa$h Company,(2010),6.0,6466
Badrinath Ki Dulhania,(2017),6.1,10865
Baghban,(2003),7.4,15518
Bajirao Mastani,(2015),7.2,32073
Bajrangi Bhaijaan,(2015),8.0,78448
Bala,(2019),7.3,12370
Band Baaja Baaraat,(2010),7.2,15583
Bang Bang,(2014),5.6,22436
Barfi!,(2012),8.1,77377
Batla House,(2019),7.2,10092
Befikre,(2016),3.9,7185
Besharam,(2013),3.6,5355
Bhaag Milkha Bhaag,(2013),8.2,62636
Bhagam Bhag,(2006),6.5,11651
Bharat,(2019),4.9,22598
Bhavesh Joshi Superhero,(2018),7.6,7479
Bheja Fry,(2007),7.6,11444
Bhool Bhulaiyaa,(2007),7.3,22777
Bhoothnath Returns,(2014),6.6,5030
Bhootnath,(2008),6.3,8460
Billu,(2009),6.2,11078
Biwi No. 1,(1999),5.7,5464
Black,(2005),8.2,33782
Black Friday,(2004),8.5,19493
Blackmail,(2018),7.1,9671
Bluffmaster,(2005),6.6,5950
Bodyguard,(2011),4.7,23602
Bol Bachchan,(2012),5.5,8367
Bombay Talkies,(2013),6.7,5124
Bombay Velvet,(2015),5.6,5685
Border,(1997),7.9,14399
Boss,(2013),5.1,10583
Bride & Prejudice,(2004),6.2,20125
Brothers,(2015),6.5,12018
Bulbbul,(2020),6.6,10143
Bunty Aur Babli,(2005),6.2,6550
CC2C,(2009),4.1,8102
Chachi 420,(1997),7.4,12575
Chak De! India,(2007),8.2,75790
Chalte Chalte,(2003),6.6,14779
Chaman Bahaar,(2020),7.0,5866
Chamatkar,(1992),6.6,5846
Chennai Express,(2013),6.0,50307
Chhalaang,(2020),6.8,15830
Chhapaak,(2020),5.1,25070
Chhichhore,(2019),8.3,38581
Children's Party,(2011),7.5,7296
Chup Chup Ke,(2006),6.8,9171
Chupke Chupke,(1975),8.3,11923
Class of '83,(2020),5.8,5084
Cocktail,(2012),6.3,13486
Company,(2002),7.9,14795
Coolie No. 1,(2020),2.9,56232
Daawat-e-Ishq,(2014),6.1,5500
Dabangg,(2010),6.2,30194
Dabangg 2,(2012),4.8,16920
Dabangg 3,(2019),3.0,15817
Dangal,(2016),8.4,165074
Darbar,(2020),6.1,5175
Darr,(1993),7.8,22635
Dasvidaniya,(2008),7.8,6140
D-Day,(2013),7.2,9525
De Dana Dan,(2009),5.5,7758
De De Pyaar De,(2019),6.6,7329
Dear Zindagi,(2016),7.5,37149
Dedh Ishqiya,(2014),7.1,6978
Deewaar,(1975),8.1,10361
Deewana,(1992),6.9,6298
Delhi Belly,(2011),7.6,28299
Delhi-6,(2009),6.1,7256
Desi Boyz,(2011),5.7,13203
Detective Byomkesh Bakshy!,(2015),7.7,21107
Dev.D,(2009),8.0,29283
Devdas,(2002),7.6,39573
Dhadak,(2018),4.5,9399
Dhadkan,(2000),6.5,6953
Dhamaal,(2007),7.3,13878
Dhobi Ghat,(2010),7.0,12695
Dhol,(2007),6.3,5501
Dhoom,(2004),6.7,18768
Dhoom 2,(2006),6.5,24610
Dhoom 3,(2013),5.4,43831
Dil,(1990),6.7,5017
Dil Bechara,(2020),6.6,117377
Dil Chahta Hai,(2001),8.1,68138
Dil Dhadakne Do,(2015),6.9,15722
Dil Se..,(1998),7.6,27393
Dil to Pagal Hai,(1997),7.0,21182
Dilwale,(2015),5.1,32366
Dilwale Dulhania Le Jayenge,(1995),8.1,65134
Dishoom,(2016),5.1,7100
Do Dooni Chaar,(2010),7.5,5232
Don,(2006),7.2,35121
Don,(1978),7.8,11591
Don 2,(2011),7.1,50435
Dor,(2006),7.9,5785
Dream Girl,(2019),7.0,12276
Drishyam,(2015),8.2,74326
Drive,(2019),3.5,6418
Dum Laga Ke Haisha,(2015),7.5,18540
Duplicate,(1998),5.6,7174
Earth,(1998),7.7,7523
Ek Hasina Thi,(2004),7.5,6992
Ek Main Aur Ekk Tu,(2012),5.7,6485
Ek Tha Tiger,(2012),5.5,31627
English Vinglish,(2012),7.8,34289
Fan,(2016),7.0,43273
Fanaa,(2006),7.2,31437
Fashion,(2008),6.9,11918
Ferrari Ki Sawaari,(2012),6.4,5138
Finding Fanny,(2014),5.7,6225
Fire,(1996),7.2,5773
Force,(2011),6.5,7301
Force 2,(2016),6.2,5048
Friendship,(2008),6.5,14142
Fukrey,(2013),6.9,10762
Gabbar is Back,(2015),7.1,23209
Gadar: Ek Prem Katha,(2001),7.2,10264
Gandhi,(1982),8.0,220118
Gangaajal,(2003),7.8,16172
Gangs of Wasseypur,(2012),8.2,86355
Gangster,(2006),7.1,5645
Garam Masala,(2005),6.7,14431
Ghajini,(2008),7.3,57604
Ghulam,(1998),7.3,10997
Go Goa Gone,(2013),6.7,11942
GOLD,(2018),7.3,11932
Golmaal 3,(2010),5.5,7644
Golmaal Again,(2017),5.0,8423
Golmaal Returns,(2008),5.1,7236
Golmaal: Fun Unlimited,(2006),7.4,15556
Good Newwz,(2019),6.9,15644
Grand Masti,(2013),4.4,5921
Guide,(1965),8.4,7629
Gulaal,(2009),8.1,14239
Gulabo Sitabo,(2020),6.3,11364
Gully Boy,(2019),8.0,33901
Gunda,(1998),7.3,9990
Gunday,(2014),2.4,58144
Gunjan Saxena: The Kargil Girl,(2020),5.3,25005
Guru,(2007),7.7,22476
Guzaarish,(2010),7.5,17631
Haider,(2014),8.1,51354
Half Girlfriend,(2017),4.4,6621
Hamari Adhuri Kahani,(2015),6.7,5546
Hanky Panky,(1979),8.5,18376
Happy Bhaag Jayegi,(2016),6.5,5046
Happy New Year,(2014),5.0,34890
Hasee Toh Phasee,(2014),6.8,13936
Hera Pheri,(2000),8.2,59545
Heropanti,(2014),5.3,8372
Hey Ram,(2000),7.9,11870
Heyy Babyy,(2007),6.0,13705
Hichki,(2018),7.5,11094
Highway,(2014),7.6,27168
Himmatwala,(2013),1.7,8186
Hindi Medium,(2017),7.9,24676
Holiday: A Soldier is Never Off Duty,(2014),7.2,26163
Hotel Mumbai,(2018),7.6,56048
Housefull,(2010),5.5,13169
Housefull 2,(2012),5.3,13576
Housefull 3,(2016),5.0,8653
Housefull 4,(2019),3.5,10908
Hulchul,(2004),7.0,7251
Hum Aapke Hain Koun...!,(1994),7.5,19669
Hum Dil De Chuke Sanam,(1999),7.5,17490
Hum Hain Rahi Pyar Ke,(1993),7.4,5476
Hum Saath-Saath Hain: We Stand United,(1999),6.3,7359
Hum Tum,(2004),7.0,13486
Hum Tumhare Hain Sanam,(2002),5.4,6610
Humpty Sharma Ki Dulhania,(2014),6.0,11840
Humshakals,(2014),1.8,7840
Hungama,(2003),7.5,13768
Hunterrr,(2015),7.0,5798
Husband Material,(2018),6.9,7441
I Hate Luv Storys,(2010),5.6,7675
In Your Name,(2003),7.1,17628
Indoo Ki Jawani,(2020),3.0,5032
Iqbal,(2005),8.1,16185
Ishaqzaade,(2012),6.5,7145
Ishq,(1997),6.9,10128
Ishqiya,(2010),7.3,10075
It's Entertainment,(2014),4.5,7875
Ittefaq,(2017),7.2,10842
Jaane Bhi Do Yaaro,(1983),8.4,13465
Jaane Tu,(2008),7.5,25819
Jaan-E-Mann: Let's Fall in Love... Again,(2006),6.1,8218
Jab Harry Met Sejal,(2017),5.3,19349
Jab Tak Hai Jaan,(2012),6.7,52231
Jab We Met,(2007),7.9,49012
Jagga Jasoos,(2017),6.5,9428
Jai Ho,(2014),5.1,18411
Jannat 2,(2012),6.2,5333
Jannat: In Search of Heaven...,(2008),6.9,6080
Jawaani Jaaneman,(2020),6.6,6371
Jo Jeeta Wohi Sikandar,(1992),8.2,22147
Jodhaa Akbar,(2008),7.6,30717
Johnny Gaddaar,(2007),7.8,11795
Joker,(2012),2.4,5235
Jolly LLB,(2013),7.5,18466
Jolly LLB 2,(2017),7.2,23030
Josh,(2000),6.2,9667
Judgementall Hai Kya,(2019),5.9,5419
Judwaa,(1997),6.1,5679
Judwaa 2,(2017),3.6,9622
Kaabil,(2017),7.1,24942
Kaagaz,(2021),7.6,6738
Kaal,(2005),4.6,5039
Kaala,(2018),6.7,8163
Kabali,(2016),6.2,11886
Kabhi Alvida Naa Kehna,(2006),6.1,18783
Kabhi Haan Kabhi Naa,(1994),7.8,17567
Kabhi Khushi Kabhie Gham...,(2001),7.4,46172
Kabir Singh,(2019),7.1,27731
Kahaani,(2012),8.1,59060
Kahaani 2,(2016),6.6,5159
Kaho Naa... Pyaar Hai,(2000),6.9,14186
Kai Po Che,(2013),7.8,34048
Kal Ho Naa Ho,(2003),7.9,64972
Kalank,(2019),3.6,11873
Kambakkht Ishq,(2009),3.9,6741
Kaminey,(2009),7.4,16640
Kapoor & Sons,(2016),7.7,23991
Karan Arjun,(1995),6.8,13394
Karthik Calling Karthik,(2010),7.1,11005
Karwaan,(2018),7.6,13986
Kedarnath,(2018),6.9,11446
Kesari,(2019),7.4,15660
Khaali Peeli,(2020),2.3,8106
Khakee,(2004),7.4,15192
Khatta Meetha,(2010),5.7,9891
Khiladi,(1992),7.2,7726
Khiladi 786,(2012),4.3,6582
Khiladiyon Ka Khiladi,(1996),6.0,5748
Khoobsurat,(2014),6.4,7877
Khosla Ka Ghosla!,(2006),8.3,22723
Khuda Haafiz,(2020),7.4,16142
Ki & Ka,(2016),5.8,5407
Kick,(2014),5.3,26761
Kis Kisko Pyaar Karoon,(2015),5.7,5679
Kismat Konnection,(2008),5.2,5334
Kites,(2010),6.1,12605
Koi... Mil Gaya,(2003),7.1,21982
Koyla,(1997),6.2,8445
Krrish,(2006),6.4,19091
Krrish 3,(2013),5.2,21272
Kuch Kuch Hota Hai,(1998),7.6,49322
Ladies vs. Ricky Bahl,(2011),6.0,9109
Lagaan: Once Upon a Time in India,(2001),8.1,107234
Lage Raho Munna Bhai,(2006),8.0,44090
Lakshya,(2004),7.9,21444
Laxmii,(2020),2.4,49164
Let's Be Friends!,(2002),5.1,5207
Life in a Metro,(2007),7.4,11346
Life of Pi,(2012),7.9,591417
Like Stars on Earth,(2007),8.4,175810
Lingaa,(2014),5.6,5137
Lion,(2016),8.0,220526
Lipstick Under My Burkha,(2016),6.8,6373
Lootcase,(2020),7.6,15188
Lootera,(2013),7.3,14888
Love Aaj Kal,(2020),4.7,6994
Love Aaj Kal,(2009),6.8,15191
Love Per Square Foot,(2018),7.2,7588
"LSD: Love, Sex Aur Dhokha",(2010),7.1,5376
Lucifer,(2019),7.5,8210
Luck by Chance,(2009),7.1,9678
Ludo,(2020),7.6,32403
Luka Chuppi,(2019),6.3,8808
Lust Stories,(2018),6.4,10011
M.S. Dhoni: The Untold Story,(2016),7.9,43713
Madaari,(2016),7.6,13676
Madras Cafe,(2013),7.7,23388
Main Hoon Na,(2004),7.0,33177
Main Khiladi Tu Anari,(1994),6.5,5725
Main Tera Hero,(2014),5.1,8139
Malamaal Weekly,(2006),7.0,6120
Malang,(2020),6.5,8972
Mangal Pandey: The Rising,(2005),6.6,9520
Manikarnika: The Queen of Jhansi,(2019),6.4,10230
Manjhi: The Mountain Man,(2015),8.0,18207
Manorama: Six Feet Under,(2007),7.6,7563
Maqbool,(2003),8.1,10024
Mard Ko Dard Nahin Hota,(2018),7.4,6647
Mardaani,(2014),7.3,11913
Mardaani 2,(2019),7.4,8198
Mary Kom,(2014),6.8,10089
Masaan,(2015),8.2,24900
Masti,(2004),6.2,6068
Matru ki Bijlee ka Mandola,(2013),5.6,6035
Mausam,(2011),4.7,5258
Mere Brother Ki Dulhan,(2011),5.8,8946
Mind,(1999),6.2,5078
Mission Kashmir,(2000),6.7,6531
Mission Mangal,(2019),6.5,12611
Mohabbatein,(2000),7.1,27990
Mohenjo Daro,(2016),5.7,10903
Mohra,(1994),7.0,7623
Mom,(2017),7.3,9395
Monsoon Wedding,(2001),7.4,23663
Mother India,(1957),8.0,8788
Mr. & Mrs. Khiladi,(1997),6.4,6022
Mr. India,(1987),7.8,14451
Mrs. Serial Killer,(2020),4.8,11531
MSG 2 the Messenger,(2015),6.6,8431
MSG the Warrior: Lion Heart,(2016),6.7,7362
MSG: The Messenger of God,(2015),5.8,11192
Mujhse Shaadi Karogi,(2004),6.7,14312
Mulk,(2018),6.9,14156
Mumbai Meri Jaan,(2008),7.7,6034
Mumbai Saga,(2021),6.1,7295
Munna Bhai M.B.B.S.,(2003),8.1,75813
Murder 2,(2011),6.2,6662
My Name Is Khan,(2010),8.0,101014
N.H 10,(2015),7.2,12421
Naam Shabana,(2017),6.3,5924
Namastey London,(2007),7.1,20942
Nayak: The Real Hero,(2001),7.8,14939
Neerja,(2016),7.6,21470
New York,(2009),6.8,10553
Newton,(2017),7.7,17734
Nil Battey Sannata,(2015),8.3,6069
No Entry,(2005),6.6,11195
No One Killed Jessica,(2011),7.2,11199
No Smoking,(2007),7.3,6928
October,(2018),7.5,14013
Om Shanti Om,(2007),6.7,40120
OMG: Oh My God!,(2012),8.1,53454
Omkara,(2006),8.1,19631
Once Upon a Time in Mumbaai,(2010),7.4,16677
Once Upon a Time in Mumbaai Dobara,(2013),4.6,6839
Oye Lucky! Lucky Oye!,(2008),7.7,16700
Paa,(2009),7.2,11492
Paan Singh Tomar,(2012),8.2,34161
Pad Man,(2018),7.9,22611
Padmaavat,(2018),7.0,28573
Padosan,(1968),8.1,6443
Page 3,(2005),7.3,6712
Pagglait,(2021),6.9,7043
Paheli,(2005),6.5,12727
Panga,(2020),6.8,5455
Pardes,(1997),7.0,14018
Pari,(2018),6.6,5900
Parineeta,(2005),7.2,8867
Parmanu: The Story of Pokhran,(2018),7.6,21773
Partner,(2007),5.8,11787
Pati Patni Aur Woh,(2019),5.7,6166
Patiala House,(2011),5.6,8780
Peepli [Live],(2010),7.4,11954
Phantom,(2015),5.9,8714
Phas Gaye Re Obama,(2010),7.5,5284
Phir Bhi Dil Hai Hindustani,(2000),6.2,7103
Phir Hera Pheri,(2006),7.0,19525
Piku,(2015),7.6,29786
Pink,(2016),8.1,40953
PK,(2014),8.1,168150
PM Narendra Modi,(2019),3.1,5954
Prem Ratan Dhan Payo,(2015),4.4,19913
Psycho Raman,(2016),7.4,13418
Pyaar Ka Punchnama,(2011),7.6,20388
Pyaar Ka Punchnama 2,(2015),7.2,14259
Pyaasa,(1957),8.4,5823
Qarib Qarib Single,(2017),7.1,7382
Qayamat Se Qayamat Tak,(1988),7.5,10497
Queen,(2013),8.2,61852
R... Rajkumar,(2013),5.2,5552
Ra.One,(2011),4.7,39039
Raabta,(2017),5.1,6311
Raanjhanaa,(2013),7.6,30344
Raat Akeli Hai,(2020),7.3,15769
Raazi,(2018),7.8,26557
Rab Ne Bana Di Jodi,(2008),7.2,44985
Race,(2008),6.7,13516
Race 2,(2013),5.4,15574
Race 3,(2018),1.9,42457
Radhe,(2021),1.8,162455
Raees,(2017),6.8,41441
Raid,(2018),7.4,15835
Raja Hindustani,(1996),6.2,7195
Rajneeti,(2010),7.1,16737
Raju Ban Gaya Gentleman,(1992),6.8,7351
Ram Gopal Varma Ki Aag,(2007),1.7,6655
RamLeela,(2013),6.4,19114
Rang De Basanti,(2006),8.1,114446
Rangeela,(1995),7.5,9370
Ready,(2011),4.8,16937
Rehnaa Hai Terre Dil Mein,(2001),7.6,7713
Rock On!!,(2008),7.7,21178
Rocket Singh: Salesman of the Year,(2009),7.5,19343
Rockstar,(2011),7.7,40835
Rocky Handsome,(2016),6.8,7647
Romeo Akbar Walter,(2019),6.6,5120
Roohi,(2021),4.3,6422
Rowdy Rathore,(2012),5.7,21097
Roy,(2015),3.3,7240
Rustom,(2016),7.1,24285
Saajan,(1991),7.2,6267
Saala Khadoos,(2016),7.6,11638
Saathiya,(2002),6.8,6734
Saawariya,(2007),5.2,7445
Sachin - A Billion Dreams,(2017),8.6,7711
Sadak 2,(2020),1.1,67785
Salaam Bombay!,(1988),8.0,8801
Salaam Namaste,(2005),6.2,6981
Salaam-E-Ishq,(2007),5.1,5260
Sanam Teri Kasam,(2016),7.4,10855
Sandeep Aur Pinky Faraar,(2021),6.3,6489
Sangharsh,(1999),6.8,5235
Sanju,(2018),7.7,49199
Sarfarosh,(1999),8.1,24454
Sarkar,(2005),7.6,16038
Sarkar Raj,(2008),6.7,7295
Satya,(1998),8.2,13918
Satyameva Jayate,(2018),5.7,6302
Secret Superstar,(2017),7.8,21923
Section 375,(2019),8.1,13045
Seeking True Love,(2017),7.5,20275
Serious Men,(2020),6.8,6382
Shaadi Mein Zaroor Aana,(2017),7.6,13387
Shaandaar,(2015),3.5,5250
Shahid,(2012),8.2,15659
Shaitan,(2011),7.2,8146
Shakuntala Devi,(2020),6.1,8456
Shamitabh,(2015),6.8,7099
Shanghai,(2012),7.2,9804
Shikara,(2020),3.8,6399
Ship of Theseus,(2012),8.1,6922
Shivaay,(2016),6.2,9909
Sholay,(1975),8.2,52511
Shootout at Lokhandwala,(2007),7.1,9607
Shootout at Wadala,(2013),5.9,6439
Shubh Mangal Savdhan,(2017),6.9,9094
Shubh Mangal Zyada Saavdhan,(2020),5.8,8208
Shuddh Desi Romance,(2013),6.0,8447
Simmba,(2018),5.6,15244
Singh Is Bliing,(2015),5.0,7891
Singh Is King,(2008),5.7,14526
Singham,(2011),6.8,14788
Singham Returns,(2014),5.7,7675
Sir,(2018),7.7,5461
Sivaji,(2007),7.5,18422
Socha Na Tha,(2005),7.4,7475
Son of Sardaar,(2012),4.0,9060
Sonchiriya,(2019),8.1,9572
Sonu Ke Titu Ki Sweety,(2018),7.1,20000
Soorarai Pottru,(2020),9.1,83029
Special 26,(2013),8.0,52354
Stanley Ka Dabba,(2011),7.8,6493
Stree,(2018),7.6,29900
Street Dancer 3D,(2020),3.6,5930
Street Fighter: The Legend of Chun-Li,(2009),3.7,23206
Student of the Year,(2012),5.3,16038
Student of the Year 2,(2019),2.2,17483
Sui Dhaaga,(2018),6.8,7421
Sultan,(2016),7.0,41777
Super 30,(2019),8.0,23000
Swades,(2004),8.2,85340
Taal,(1999),6.7,5068
Table No. 21,(2013),7.2,11709
Talaash,(2012),7.2,40234
Talvar,(2015),8.2,32313
Tamasha,(2015),7.3,24623
Tanhaji: The Unsung Warrior,(2020),7.6,22344
Tanu Weds Manu,(2011),6.8,13804
Tanu Weds Manu Returns,(2015),7.6,26843
Tashan,(2008),3.9,5037
Taxi No. 9 2 11: Nau Do Gyarah,(2006),7.3,9418
Te3n,(2016),7.3,12118
Tees Maar Khan,(2010),2.6,11981
Tere Bin Laden,(2010),7.2,10234
Thank You,(2011),4.7,5433
Thappad,(2020),6.8,15063
The Accidental Prime Minister,(2019),6.0,6373
The BFG,(2016),6.4,79642
The Big Bull,(2021),6.1,11536
The Brawler,(2017),8.0,6847
The Darjeeling Limited,(2007),7.2,185127
The Dirty Picture,(2011),6.6,8931
The Ghazi Attack,(2017),7.6,12367
The Girl on the Train,(2021),4.4,7312
The Hundred-Foot Journey,(2014),7.3,78340
The Legend of Bhagat Singh,(2002),8.1,15250
The Lunchbox,(2013),7.8,52120
The Other End of the Line,(2007),6.2,5868
The Other Side of the Door,(2016),5.3,17337
The Second Best Exotic Marigold Hotel,(2015),6.6,32007
The Sky Is Pink,(2019),7.6,7683
The Tashkent Files,(2019),7.8,9579
The Villain,(2014),6.5,17169
The White Tiger,(2021),7.1,49877
Thugs of Hindostan,(2018),4.1,18219
Tiger Zinda Hai,(2017),5.9,25732
Toilet: A Love Story,(2017),7.2,18889
Torbaaz,(2020),6.8,5289
Total Dhamaal,(2019),4.2,5649
Trapped,(2016),7.6,11216
Tubelight,(2017),3.8,17774
Tumbbad,(2018),8.3,32920
Udaan,(2010),8.1,43199
Udta Punjab,(2016),7.8,28010
Ugly,(2013),8.0,20709
Uri: The Surgical Strike,(2018),8.2,45981
V,(2020),6.9,6758
Vaastav: The Reality,(1999),8.0,12996
Vada Chennai,(2018),8.5,13120
Veer,(2010),4.5,7598
Veere Di Wedding,(2018),3.2,12000
Veer-Zaara,(2004),7.8,50101
Viceroy's House,(2017),6.7,7117
Vicky Donor,(2012),7.8,40589
Vishwaroopam,(2013),8.1,39098
Vivah,(2006),6.6,9288
Wake Up Sid,(2009),7.6,29167
Wanted,(2009),6.6,22173
Waqt: The Race Against Time,(2005),6.8,9478
War,(2019),6.5,20894
Water,(2005),7.7,14461
Wazir,(2016),7.1,17809
Welcome,(2007),6.9,19527
Welcome Back,(2015),4.2,5656
When Love Calls,(1989),7.3,11486
Yeh Jawaani Hai Deewani,(2013),7.1,39863
Yes Boss,(1997),6.8,12714
Yuva,(2004),7.4,8588
Zero,(2018),5.4,24784
Zindagi Na Milegi Dobara,(2011),8.2,70344
