Name,Year,Rating,Votes,tmdb_id,imdb_id,poster_path,original_language
102 Not Out,(2018),7.4,6619,460713,tt6580564,/2opq0dUfQUuiTzdip9BDqjWKQNL.jpg,hi
3 Idiots,(2009),8.4,357889,20453,tt1187043,/66A9MqXOyVFCssoloscw79z8Tew.jpg,hi
13B: Fear Has a New Address,(2009),7.4,6329,19950,tt1385824,/AvecQgxUwMuc1VTlkFm5RpAibZe.jpg,ta
2.0,(2018),6.0,21938,373449,tt5080556,/6EYb9c707fTGrsM3bA0zKk3jNBq.jpg,ta
2 States,(2014),6.9,24034,259720,tt2372678,/lOQqeKxZg12ZSn0qfHAOXOtbVFR.jpg,hi
7 Khoon Maaf,(2011),6.3,5640,56338,tt1629376,/aLJEqWXMqdboAOee3C4zGl6UFf1.jpg,hi
8 x 10 Tasveer,(2009),5.5,5459,18673,tt1105709,/3ojw74vrzd219WRgMKX7Oapiret.jpg,hi
A Gentleman,(2017),6.3,5227,469872,tt5613834,/wvztxVw5OJolodYLFldqMJVOt75.jpg,hi
A Wednesday,(2008),8.1,75118,19703,tt1280558,/gVUSxtJM3arL5VIUIRNYde20EF0.jpg,hi
Aamir,(2008),7.6,10862,13123,tt1241195,/jqEe6evAE8WpCIkJiNLaRkP7eXj.jpg,hi
Aankhen,(2002),7.4,12574,21982,tt0306434,/sv9tCwXzvTFSbA2OmH9nqQZCNQ7.jpg,hi
Aashiqui 2,(2013),7.1,27357,192558,tt2203308,/z18DWXBRxn3kz00sIVhC7ZK39Qm.jpg,hi
Aarakshan,(2011),6.2,5170,72152,tt1848771,/k12sBKy7TeffzGxWihNnwWX1cvH.jpg,hi
Ab Tak Chhappan,(2004),7.8,8379,16566,tt0402014,/4oiBsdFOy2Wuivznvq9r145x5PJ.jpg,hi
ABCD (Any Body Can Dance),(2013),6.3,6458,157293,tt2321163,/6d10bDZIg8vQNnzSn9wAu4KD8hc.jpg,hi
Action Replayy,(2010),4.5,5814,49679,tt1396208,/8YzWja1cgzIaaKys6Ajk95kJxQY.jpg,hi
Ae Dil Hai Mushkil,(2016),5.8,21661,393445,tt4559006,/hlDOF4UhUqrYY7gqLk3Rl0Fx4ns.jpg,hi
Agent Vinod,(2012),5.3,7210,85050,tt1395025,/2XGxhpxUPknapgYlVQ0cxH42R1B.jpg,hi
Agneepath,(1990),7.6,8500,37403,tt0098999,/kKCWrcIi6pAXNvPnC1LWtV4hB8u.jpg,hi
Agneepath,(2012),6.9,22895,84858,tt1849718,/y539BQ3IwTHxXj4xXgrFPjCxYV0.jpg,hi
Airlift,(2016),7.9,53897,375290,tt4387040,/6jch9EHHpg74HvAXBaWJg8m2LwT.jpg,hi
Aitraaz,(2004),6.6,9721,22315,tt0418460,/9tVt6N7vgIFnf8g6NzaqfjkQObr.jpg,hi
Ajab Prem Ki Ghazab Kahani,(2009),6.4,13194,24827,tt1252596,/6IC8PQZAynsUAh0MDvopR3zDTRk.jpg,hi
Ajnabee,(2001),6.3,8164,22316,tt0278291,/rIscKIZxR4HXzLiWgAU7GykfpfI.jpg,hi
AK vs AK,(2020),6.9,12429,735919,tt11651796,/4ULEEvH0hDYnbWN3nClrb88sYCF.jpg,hi
Aligarh,(2015),7.8,6402,370870,tt5121000,/9qmoBrwQRYzf59vUq4q1faiRRSI.jpg,hi
All the Best: Fun Begins,(2009),6.2,5786,24603,tt1433905,/wS4HXoaijxIbI8lv6H9MFNKAcQa.jpg,hi
Anand,(1971),8.1,31937,26237,tt0066763,/vgrege8e0yk3SSdHzHfMTvk2ffc.jpg,hi
Andaz Apna Apna,(1994),8.0,50810,58128,tt0109117,/a0GV2V3yif2DbsMCSBrivvSHUWQ.jpg,hi
Andhadhun,(2018),8.2,77901,534780,tt8108198,/dy3K6hNvwE05siGgiLJcEiwgpdO.jpg,hi
Angrezi Medium,(2020),7.2,11700,606717,tt8907986,/hT41Fi3NAqkPpNkWt7imaOtxGDP.jpg,hi
Anjaam,(1994),6.6,6093,114436,tt0109134,/srzXcZCnGx5oMFUzHgyZOLARdFu.jpg,hi
Anjaana Anjaani,(2010),5.7,6416,44566,tt1499201,/me3GHLnVREOlRdJPGmBPqsZBJTT.jpg,hi
Ankhon Dekhi,(2013),7.9,10673,241882,tt3614516,/yA0pvH3YnlvONPbAdRl0neYpMCo.jpg,hi
Any Body Can Dance 2,(2015),5.4,5733,336790,tt3679000,/7S0heTpQydVBSYl6yBxmqVyentQ.jpg,hi
Article 15,(2019),8.1,25706,597089,tt10324144,/puyn1J1NOTG7P2dYxpOIl1583yf.jpg,hi
Ashoka the Great,(2001),6.4,13502,4435,tt0249371,/ckFDMqLjhsYo2kH3X5auV1NnjPM.jpg,hi
Atithi Tum Kab Jaoge?,(2010),6.5,5383,34144,tt1578116,/cia1gaHHjO626oSSH5Pf9hwbXN0.jpg,hi
Awara Paagal Deewana,(2002),6.3,7775,115124,tt0319020,/yrNFzWj68qBC0zcf1HvX6sqeSoV.jpg,hi
Awarapan,(2007),7.4,6737,22448,tt1020937,/yVArEukDbkfNjxsynes4PWI4nlk.jpg,hi
Baadshah,(1999),6.9,17279,41902,tt0211934,/7r1nKEVxIlVQFSsijr3fndD1TDn.jpg,hi
Azhar,(2016),5.7,5328,391778,tt4906984,/jwvpI85cqfVfs3ioFHu4invTLeI.jpg,hi
Baaghi 2,(2018),4.8,9625,496316,tt6843812,/nkjkHg9yCpPDM7COGCXfDtUJa2X.jpg,hi
Baaghi,(2016),5.4,7912,391629,tt4864932,/4IEqNeF3PzL06Y2YKsvi4uMGJ1q.jpg,hi
Baaghi 3,(2020),2.3,10309,594669,tt8366590,/vqTQvVyhqFJTUlE1VXTtyYEfyu3.jpg,hi
Baar Baar Dekho,(2016),5.4,6423,392344,tt5197544,/7Bb1vXdtv2BjV6mX8jignRTqG5.jpg,hi
Baazigar,(1993),7.6,26583,19657,tt0106333,/ndQQ2bTV0JLSRxUBchE4eD3qhDb.jpg,hi
Bachna Ae Haseeno,(2008),6.2,10674,15864,tt1182972,/bFjzXEDw7b8tjWJeFEKMXjCkqbz.jpg,hi
Badhaai Ho,(2018),7.9,29518,547654,tt7725596,/xZdzzPodAD2f5RuBN3nmd1Z59r9.jpg,hi
Badla,(2019),7.7,23890,581361,tt8130968,/eKpzbERuhogYTwI3PwfVsAHXnuO.jpg,hi
Badlapur,(2015),7.4,22324,323517,tt3678782,/9bbJBjCcyjYyMG9kW38X55tgiYu.jpg,hi
Badrinath Ki Dulhania,(2017),6.1,10865,413646,tt6277440,/e1tV7gYSF5iw8NPR78sUHNb3YLU.jpg,hi
Badmaa$h Company,(2010),6.1,6466,37822,tt1602476,/bz1nDlkhUN1XB9rERhN1jYRe4ka.jpg,hi
Bajirao Mastani,(2015),7.3,32073,362045,tt3735246,/eXKHjELZAbF7cVd9fzYMhvSsXDI.jpg,hi
Baghban,(2003),7.4,15518,39839,tt0337578,/p6NPup58fPjIEAU9tKU4XpQhtTA.jpg,hi
Bajrangi Bhaijaan,(2015),8.1,78448,348892,tt3863552,/vhlliI7HZZlWfo5d6CiyfBAGLrW.jpg,hi
Band Baaja Baaraat,(2010),7.2,15583,52696,tt1610452,/n9Yd0otyugR9ArGxRwbEYxUXjTH.jpg,hi
Bang Bang,(2014),5.6,22436,283589,tt2905838,/ixX899bXT1pMXWOXJW4s7JmrEZh.jpg,hi
Barfi!,(2012),8.1,77377,127501,tt2082197,/5cJIx2zKjDoUtPSliou23xsReb1.jpg,hi
Batla House,(2019),7.2,10092,550485,tt8869978,/lHATvvxVvcHRy9G8ZJGXA7J6JEg.jpg,hi
Befikre,(2016),4.2,7185,399624,tt5108476,/kFFDdXLqpUuVTieIfAhm2oiuyhU.jpg,hi
Besharam,(2013),3.6,5355,218779,tt2576450,/79xt4XA6FBY9c9gBzEKrpKQ5Mz6.jpg,hi
Bhaag Milkha Bhaag,(2013),8.2,62636,206324,tt2356180,/bXywc0CEzS1fIshPWWi4V8A58U3.jpg,hi
Bhagam Bhag,(2006),6.8,11651,41188,tt0805184,/wJqdwEgMiMzU0zIEnKBWEbTfeUS.jpg,hi
Bharat,(2019),4.7,22598,569594,tt7721800,/aawdjzVsfKvRRIFu9Ni74wZyjc8.jpg,hi
Bheja Fry,(2007),7.6,11444,15411,tt1014672,/2Wqlcf63EvabGzVffPppfpWlx2B.jpg,hi
Bhavesh Joshi Superhero,(2018),7.6,7479,527511,tt6129302,/x2dzIELXWls5Aqutha502ZyF8WN.jpg,hi
Bhool Bhulaiyaa,(2007),7.5,22777,19025,tt0995031,/r5p19XzY9g3j3whIXHGL1NKRTJf.jpg,hi
Bhoothnath Returns,(2014),6.5,5030,264085,tt3531852,/zMC0kbfcBSxVOAsFXxw9Pg1NBJ8.jpg,hi
Bhootnath,(2008),6.4,8460,15974,tt0991346,/2Tvwmsu4ihzDiltXxPWI4RwTF3W.jpg,hi
Billu,(2009),6.5,11078,16345,tt1230448,/nmWKskigmvBow3uOP4RPQOIaUux.jpg,hi
Biwi No. 1,(1999),5.7,5464,161226,tt0207341,/4c787y8j6XCuJHDv13Yuwu0FHmw.jpg,hi
Black Friday,(2004),8.4,19493,28740,tt0400234,/jzqsxRSmaYBwbXVMvqQ54fOljTD.jpg,hi
Blackmail,(2018),7.2,9671,512098,tt6972140,/apt3peZIUjd56Rkt0HGxp6EaxKe.jpg,hi
Bluffmaster,(2005),6.6,5950,19620,tt0476527,/pekKOkIrc1fOwurlwqXR4g6K5sB.jpg,hi
Bodyguard,(2011),4.8,23602,73582,tt1729637,/12VEUEHebd9ydQs0Y4ikzb179LY.jpg,hi
Bol Bachchan,(2012),5.6,8367,112936,tt1728986,/9k3qk8dmvawAWE34MpRAWkfwnKJ.jpg,hi
Bombay Talkies,(2013),6.6,5124,190940,tt2797242,/jToHRUGY86MVkloVFgKVD090j90.jpg,hi
Bombay Velvet,(2015),5.5,5685,316654,tt2979920,/7RNuM9wKinjkGeCv9OmxywRWLfk.jpg,hi
Boss,(2013),5.1,10583,228355,tt2571140,/kOsSC9X6aarcq0LlFAPTECIZ0jd.jpg,hi
Border,(1997),7.9,14399,33125,tt0118751,/qBfe7zVYWxeBm1SaOa2rPsQSi9A.jpg,hi
CC2C,(2009),4.4,8102,20002,tt1091229,/tGUVeDAsNArrogQBoV7jVhjkqHh.jpg,hi
Bunty Aur Babli,(2005),6.2,6550,11763,tt0448206,/32OxUzs9ETQ3QvLFFYaDuuAtq3Y.jpg,hi
Bulbbul,(2020),6.6,10143,714338,tt12393526,/4XYEqHqvcf6vxFhNyeKZz5xbUfV.jpg,hi
Chak De! India,(2007),8.1,75790,14163,tt0871510,/mmFMgEsTRCAGAtwffGpuo3mJsxN.jpg,hi
Chachi 420,(1997),7.4,12575,134446,tt0233422,/45i934IvoLvuCvhus13n8MxGBV4.jpg,hi
Chalte Chalte,(2003),6.5,14779,4252,tt0346723,/7eux23WmDXUkmgLdMdxuuFn9II4.jpg,hi
Chaman Bahaar,(2020),6.9,5866,709681,tt8747450,/jfVAx36bnczMArJB8eFZuoDdKC4.jpg,hi
Chamatkar,(1992),6.5,5846,45002,tt0126234,/tJlGNBkE0DNQ9iLkHMY2gsCOza3.jpg,hi
Chennai Express,(2013),6.2,50307,205022,tt2112124,/9j7XfhBJKNfidMCa8JsNbqU1waV.jpg,hi
Chhalaang,(2020),6.7,15830,667585,tt8983164,/AcWLGCxCMOeHs1vqMplBIzQ6ME5.jpg,hi
Chhichhore,(2019),8.3,38581,596650,tt9052870,/cGDPQtQ5igtPMt3oJ6BCAor6dFp.jpg,hi
Chhapaak,(2020),5.4,25070,590404,tt9614460,/cr5KqiolMMRUEJxrNLWESxyVVeU.jpg,hi
Chup Chup Ke,(2006),7.0,9171,19637,tt0464160,/daXoADAtEPis5bBvSrXVWfRa77X.jpg,hi
Chupke Chupke,(1975),8.3,11923,21459,tt0072783,/yNZf2yhQE42f3uIcR1IXOiMQ72c.jpg,hi
Cocktail,(2012),6.3,13486,118051,tt2168910,/v7jnxqLjarV8LXUXKPU6WKE78CK.jpg,hi
Class of '83,(2020),5.8,5084,730428,tt10230422,/exlQEMxbolmsCE4D5Ky6u4onnvC.jpg,hi
Coolie No. 1,(2020),4.2,56232,614179,tt10280276,/vcUt45vSNZpf3G7AoMAXGaD9Lez.jpg,hi
Daawat-e-Ishq,(2014),6.1,5500,291154,tt3398052,/aGsDrtKQe0SnyecnJWdAeBo99u.jpg,hi
Dabangg,(2010),6.3,30194,44425,tt1620719,/bi2J6IrRK7oFK63EMbzORIos8KP.jpg,hi
Dabangg 2,(2012),4.8,16920,147405,tt2112131,/d1MnH8ewiIg6Ft8y5upLFbd98zE.jpg,hi
Dangal,(2016),8.3,165074,360814,tt5074352,/cJRPOLEexI7qp2DKtFfCh7YaaUG.jpg,hi
Dabangg 3,(2019),3.0,15817,496339,tt7059844,/ruuZcKbvrHU4lMR7ye59mZLIJkG.jpg,hi
Darbar,(2020),5.9,5175,594139,tt9635540,/39kVh9CWrY8cE6rIzRqwo6Dn1cZ.jpg,ta
Darr,(1993),7.6,22635,35053,tt0109555,/6y601CavDK46ap8uxeoXxpArU8p.jpg,hi
Dasvidaniya,(2008),7.8,6140,14751,tt1288638,/c3NF5xlUPrHmTWzewhu8u0oLZnu.jpg,hi
D-Day,(2013),7.2,9525,206851,tt2385104,/q2pizfhonKPTWdB4OC49qJWbBqi.jpg,hi
De Dana Dan,(2009),6.1,7758,25867,tt1255951,/htOpALyz5x1Ee7YuZpaRCPEwEuX.jpg,hi
De De Pyaar De,(2019),6.5,7329,590401,tt8647400,/lKxbegRPahPDeOYeaDHhsNJDZU8.jpg,hi
Dear Zindagi,(2016),7.4,37149,413543,tt5946128,/oUg0N2isgZ5rrxdXnsemcKolfKZ.jpg,hi
Dedh Ishqiya,(2014),7.0,6978,248698,tt2675978,/r6KLehJgkGUBFBS1geBOZIlPozm.jpg,hi
Deewana,(1992),6.7,6298,45001,tt0126871,/8liOcHgcghI3aQFxq8QCGKKqQKX.jpg,hi
Deewaar,(1975),8.0,10361,22460,tt0072860,/pwzfljCp52jieXTBE0lynz7bu2g.jpg,hi
Delhi Belly,(2011),7.6,28299,67109,tt1934231,/hGmjlOFPaqwxAxR3XDvalExTlXd.jpg,hi
Delhi-6,(2009),6.2,7256,20027,tt1043451,/lTUCuZepDeM2DxOGRhdnFPsWoCJ.jpg,hi
Desi Boyz,(2011),5.7,13203,79990,tt1985981,/8ARLxG5RbsHMxDYhUFEXq2jSSI1.jpg,hi
Detective Byomkesh Bakshy!,(2015),7.6,21107,320295,tt3447364,/7IvuZioWIvj8UAIWJhGtLsqwwt.jpg,hi
Devdas,(2002),7.5,39573,15917,tt0238936,/dUBFi7bnLRfm4WaTh4ZoF2tbBJj.jpg,hi
Dev.D,(2009),7.9,29283,15977,tt1327035,/krqfEEpvK31en2s7GpyGPmYt8r3.jpg,hi
Dhadak,(2018),4.6,9399,504080,tt7638344,/vIVKzzPA7hrSZpEwofB7Luo83kO.jpg,hi
Dhadkan,(2000),6.5,6953,35064,tt0255111,/icWt3AGrkXToqWyBviHEfG7auQV.jpg,hi
Dhamaal,(2007),7.6,13878,20413,tt0845448,/pQgU9W1OyHDxBOZcJpVLc2E8gQa.jpg,hi
Dhol,(2007),6.5,5501,19418,tt0995035,/bq7qs9HEH9OIdGjzUUmXGgs5HCt.jpg,hi
Dhobi Ghat,(2010),7.0,12695,54890,tt1433810,/hSNbvyrRbfAxz29yJSz7bJ1Ujuu.jpg,hi
Dhoom,(2004),6.6,18768,17478,tt0422091,/A3GBoQROHP0WjU9RXzlDU0iG3be.jpg,hi
Dhoom 2,(2006),6.6,24610,14194,tt0441048,/3zJLnrP9g9LSMpX5C1wau49gGUv.jpg,hi
Dhoom 3,(2013),5.4,43831,44977,tt1833673,/rUVTM5EQUQ2I0fcfE46AkvBYWae.jpg,hi
Dil,(1990),6.6,5017,65683,tt0099429,/aecBFir2aF59MOflpYimaFu7hnI.jpg,hi
Dil Bechara,(2020),8.3,117377,645484,tt8110330,/lMFjMrc8Bn0CQhtJDORfspXrWrK.jpg,hi
Dil Chahta Hai,(2001),8.1,68138,14752,tt0292490,/d5yjk7hbv8AK0DR0oJUrSGHMn9A.jpg,hi
Dil Dhadakne Do,(2015),7.0,15722,338065,tt4110568,/AqFX6282JM2ollS4XTFp6t6Dwa9.jpg,hi
Dil Se..,(1998),7.5,27393,21210,tt0164538,/rdnkOPYlHf8WaPRllTz3dsuzpp8.jpg,hi
Dilwale,(2015),5.1,32366,370665,tt4535650,/pYgPu6hhOr61knwbestTx4vSdMb.jpg,hi
Dil to Pagal Hai,(1997),7.0,21182,13986,tt0118983,/79YUX4rSxRFwyjOHYsdO0fKhsFP.jpg,hi
Dilwale Dulhania Le Jayenge,(1995),8.0,65134,19404,tt0112870,/lfRkUr7DYdHldAqi3PwdQGBRBPM.jpg,hi
Dishoom,(2016),5.2,7100,393441,tt3679060,/sY58lhquOEISrpcIzbKNV6qHgvG.jpg,hi
Do Dooni Chaar,(2010),7.5,5232,53284,tt1714832,/LeCB4YVGeabEEs0iuI4OapKrrX.jpg,hi
Don,(2006),7.2,35121,17501,tt0461936,/1d52h7aDRlc5IPUFno24XPNT6hA.jpg,hi
Don 2,(2011),7.1,50435,41109,tt1285241,/2gBM8c36HIwn4vc2UuMeliqiCKY.jpg,hi
Dor,(2006),7.9,5785,44827,tt0824316,/j29JyRQENX0JWYWBgeg7DlWsA7y.jpg,hi
Dream Girl,(2019),7.0,12276,579224,tt9248940,/lr3za9i5SpqTVA2W2uyx0DekgID.jpg,hi
Dum Laga Ke Haisha,(2015),7.5,18540,325138,tt3495030,/c9TX2kH1rG7QYEl09flOVg82QdU.jpg,hi
Duplicate,(1998),5.5,7174,159090,tt0164550,/ylBsNn4xkMlZPk1beZuuwFqrWUK.jpg,hi
Drishyam,(2015),8.2,74326,352173,tt4430212,/gIClWRv5OSe8rl5Koi0AeUcCZ9Z.jpg,hi
Ek Hasina Thi,(2004),7.5,6992,135199,tt0352314,/2SITNl9uSDOelIjfaAEaohKc6tD.jpg,hi
English Vinglish,(2012),7.8,34289,118628,tt2181931,/ccEVR8sf18psGH5daio9y7OGu93.jpg,hi
Ek Main Aur Ekk Tu,(2012),5.8,6485,84533,tt1703958,/yei87xHRcmf4OhritS6GAju8fdq.jpg,hi
Fan,(2016),6.8,43273,377985,tt3495026,/ui7DYyQB4wsbBvom97KPNkldYWa.jpg,hi
Ek Tha Tiger,(2012),5.7,31627,85985,tt2016894,/jGTyeAH5KZuCX6Qat1VcTBXnqth.jpg,hi
Fanaa,(2006),7.1,31437,8453,tt0439662,/4A17fF6K6WAvv4Ces0CgpMZRee4.jpg,hi
Ferrari Ki Sawaari,(2012),6.4,5138,118032,tt2122340,/htmR4Id9iS0p7CIpLUKRlslwoZ0.jpg,hi
Fashion,(2008),6.9,11918,19624,tt0964516,/uBTULkbgheo2LucoV5FFTH2BR60.jpg,hi
Force 2,(2016),6.2,5048,426558,tt5156746,/kiPHlQm1EV6yruDQWaocj0C8waY.jpg,hi
Fukrey,(2013),6.9,10762,199139,tt2806788,/wAXcxLLFKeqFdlhORajj4pZrPTz.jpg,hi
Gabbar is Back,(2015),7.0,23209,337876,tt2424988,/dhIVF43jCqVzxuo11hYcHQxjzS6.jpg,hi
Gadar: Ek Prem Katha,(2001),7.3,10264,80156,tt0284137,/yItg48ViirZHWmuD15reEyMfr4x.jpg,hi
Gangaajal,(2003),7.8,16172,46428,tt0373856,/ihEE4nyTglmbHp4NSZQHtZtnnmK.jpg,hi
Gangster,(2006),7.2,5645,38440,tt0495032,/uZzJxx7ETfZVV1rVNKmNVCKaiji.jpg,hi
Gangs of Wasseypur,(2012),8.2,86355,117691,tt1954470,/4nbvLoPDftqXV14w5Mv14iqgVrt.jpg,hi
Garam Masala,(2005),6.8,14431,19636,tt0453671,/puk8ca4bL9HG1R8BwORif8bHGqY.jpg,hi
Ghajini,(2008),7.4,57604,14070,tt1166100,/cPLzHxPFRjzNvoyncdtDGBAxjp.jpg,hi
Ghulam,(1998),7.2,10997,51216,tt0190419,/b1Nq1gKCp7JhwkCzmb5x9XGkmLu.jpg,hi
Go Goa Gone,(2013),6.7,11942,191562,tt2436516,/pyaAYAifrZ1jAfbdunSAiK0QbKs.jpg,hi
GOLD,(2018),7.3,11932,478682,tt6173990,/xCcdW6nHRcrKWraErYV5g3tut7Q.jpg,hi
Golmaal 3,(2010),5.6,7644,44978,tt1562859,/S2BE87q5g8HWDVfoEU8QN9UXfn.jpg,hi
Golmaal Again,(2017),5.0,8423,472123,tt1806913,/kGx26PL1v658T8XbOk5MfmNpHU3.jpg,hi
Golmaal Returns,(2008),5.3,7236,14546,tt1092005,/2X6ZSlnBpgsOpH0ELDraWTD4QO7.jpg,hi
Golmaal: Fun Unlimited,(2006),7.5,15556,19670,tt0495034,/3ubefqLk26Gy0lXCfGIu8hQrBak.jpg,hi
Good Newwz,(2019),6.8,15644,643534,tt8504014,/1YWp8MdXZAZvXgnWyv2RgMaG3Ps.jpg,hi
Grand Masti,(2013),4.5,5921,220714,tt2476154,/9DtPtMWZqotqvBlMwHlTxXc6xPz.jpg,hi
Gulaal,(2009),8.0,14239,21625,tt1261047,/qqaFufeLEXKu3trjspBH57usnny.jpg,hi
Guide,(1965),8.3,7629,80484,tt0059246,/a31qY8UA4hsJdwFrollZ1iRzukC.jpg,hi
Gully Boy,(2019),7.9,33901,491625,tt2395469,/h57EzPdrDvtUkvbTj6ar5yZOPic.jpg,hi
Gulabo Sitabo,(2020),6.3,11364,611356,tt10333912,/6ABuPqPqRv2iSDyLf9KJrLoNV2A.jpg,hi
Gunday,(2014),2.8,58144,250551,tt2574698,/70QlykuyOHn2wO0uw2U2TqvZp10.jpg,hi
Gunda,(1998),7.3,9990,141603,tt0497915,/ujuHUEzrf0kb0JUIloKjtgKfILY.jpg,hi
Gunjan Saxena: The Kargil Girl,(2020),5.6,25005,645489,tt10350626,/llWz6LbVpGPChnNnhAiGJyPMDwP.jpg,hi
Guru,(2007),7.7,22476,15772,tt0499375,/xX2BJ5sn3ElTZqhnOEod8ZXsCQg.jpg,hi
Guzaarish,(2010),7.4,17631,41518,tt1438298,/uQgjtBBZ9se2Kcir9xQ9xY2kzyl.jpg,hi
Haider,(2014),8.0,51354,280795,tt3390572,/lOCotkHPODWdsRDMoLbSdLdVT3L.jpg,hi
Half Girlfriend,(2017),4.7,6621,413884,tt5474042,/jvacZc9CVkjCA25ds4UqnOWbSpV.jpg,hi
Hamari Adhuri Kahani,(2015),6.7,5546,339367,tt3483612,/joiHOPFGtmY45YwP7Bnm7KvzL8H.jpg,hi
Happy Bhaag Jayegi,(2016),6.5,5046,406042,tt5472758,/sEWDNSBe5BfUchkJ5BsJV6VUgwF.jpg,hi
Happy New Year,(2014),5.0,34890,277432,tt2461132,/5kv0trpR00030JmZbLnLMBKIrtD.jpg,hi
Hasee Toh Phasee,(2014),6.8,13936,251626,tt3173910,/umLscI7JOZECRY7G9sICOid6MFT.jpg,hi
Hera Pheri,(2000),8.2,59545,21614,tt0242519,/23MKGUPT5laTStim4TaGhfgSltu.jpg,hi
Heropanti,(2014),5.2,8372,271200,tt3142232,/o5QOtVJvt5dtiJiJTjv1smiOgF6.jpg,hi
Hey Ram,(2000),8.0,11870,60579,tt0222012,/v7MM2hogZ6XwPaoHFC66g8g26Mo.jpg,ta
Hichki,(2018),7.5,11094,493623,tt6588966,/awN7MPVHcubWEqfo7T5jidx3xYY.jpg,hi
Heyy Babyy,(2007),6.1,13705,4157,tt0806088,/9XxhqihX1kcZXcvJ48aQlPYHPQo.jpg,hi
Himmatwala,(2013),1.7,8186,180680,tt2344678,/rWuzBNbsNc0DPFoWBb9FlKwWt7f.jpg,hi
Hindi Medium,(2017),7.8,24676,456570,tt5764096,/2v0nQd3kYBV0iPNCVHiaLWGb1hg.jpg,hi
Housefull,(2010),5.6,13169,58051,tt1573072,/koPiIQ7evC5rer6modUDxoZjYV.jpg,hi
Holiday: A Soldier is Never Off Duty,(2014),7.2,26163,273886,tt2556308,/8aPPza9BHumJYl0KAABmOdFbUjm.jpg,hi
Housefull 2,(2012),5.4,13576,85052,tt1980986,/y6L3GpfXWqfO7COtUyiEeACH35G.jpg,hi
Housefull 3,(2016),4.9,8653,391779,tt4559046,/6Udose5F7a9SdNf8HlNMovtDMM9.jpg,hi
Hum Aapke Hain Koun...!,(1994),7.5,19669,46387,tt0110076,/v5CutZgZgai1if2U2CPssiig7VW.jpg,hi
Housefull 4,(2019),3.6,10908,611748,tt7721946,/aCJOZzWV6cpZ9p9tmfEzXq4EqN8.jpg,hi
Hulchul,(2004),7.0,7251,20364,tt0437238,/ve6YjkjNAbY2r2djFxrw6v9IXfy.jpg,hi
Hum Dil De Chuke Sanam,(1999),7.4,17490,5319,tt0150992,/kuoJvw45TobVp5QcyV16nK26NFx.jpg,hi
Hum Saath-Saath Hain: We Stand United,(1999),6.4,7359,62883,tt0216817,/lEAEzpAfSyBZc5sw1NBnWr5TeZU.jpg,hi
Hum Hain Rahi Pyar Ke,(1993),7.3,5476,54814,tt0107166,/ocEQInlignEoa8ztW7CSVSnsty3.jpg,hi
Hum Tum,(2004),7.0,13486,4253,tt0378072,/u4ctCNPq6qfwnUyZzAfxEzdJ0Lq.jpg,hi
Hum Tumhare Hain Sanam,(2002),5.4,6610,90634,tt0222024,/46IXH3NtlWv2i7IeFigT5yb5T5.jpg,hi
Humpty Sharma Ki Dulhania,(2014),6.0,11840,276928,tt3678938,/kiqZEW6ZmFducXGeikKI5WcQZEI.jpg,hi
Humshakals,(2014),1.7,7840,273505,tt3036740,/jl2BKSOuCH5g1a6Yt4FmbOujEe7.jpg,hi
Hungama,(2003),7.6,13768,21184,tt0371735,/oLmPYAufnpoqlkfzyeWWcsVcc0F.jpg,hi
Hunterrr,(2015),7.0,5798,325892,tt4333674,/2NEEd6vpnLjPP2LaiT4WDcMvxZ9.jpg,hi
Husband Material,(2018),6.8,7441,523277,tt5474036,/spTuL3PJFYQsxBdAHbUJlHtwwyi.jpg,hi
I Hate Luv Storys,(2010),5.7,7675,40777,tt1667838,/fNw2XEa4jKxQ5AURNU9JfgkeuUG.jpg,hi
In Your Name,(2003),7.2,17628,56969,tt0374271,/tnsOmOZsVdfLLwK693TCtSZpvFX.jpg,hi
Indoo Ki Jawani,(2020),3.3,5032,693838,tt11112526,/sqFi1T7MMUSZ0nTGL1UphBykz3a.jpg,hi
Iqbal,(2005),8.1,16185,21567,tt0453729,/oPdtscy3BYDsM83wddWkmQxcTEg.jpg,hi
Ishq,(1997),6.8,10128,29988,tt0133024,/38xVYSuVXIJS1iyEaRm8wtjotZB.jpg,hi
Ishaqzaade,(2012),6.5,7145,103640,tt2308773,/vbjG5AwV0uBFxTNqiJbr2rh4ohV.jpg,hi
Ishqiya,(2010),7.3,10075,33556,tt1345777,/1iEv7Nv2n8qtlb6AThU4aqJuDR4.jpg,hi
It's Entertainment,(2014),4.5,7875,278347,tt2978626,/wn3VkQgCFkW731TRNa30DL6CSdg.jpg,hi
Ittefaq,(2017),7.2,10842,464458,tt6692354,/riEnSoGJ1WubamfrNpj4N0wVdoW.jpg,hi
Jaane Bhi Do Yaaro,(1983),8.3,13465,25499,tt0085743,/s2LcyaA9zSi3JDOqskfW1rQfn0Z.jpg,hi
Jaane Tu,(2008),7.4,25819,14467,tt0473367,/iV1W0IEtQYuBnnxNmZxSmPHK3Pu.jpg,hi
Jab Harry Met Sejal,(2017),5.1,19349,441906,tt5997666,/rWX9ZPcKH6qId169zm8GdFlRTdy.jpg,hi
Jab Tak Hai Jaan,(2012),6.7,52231,132316,tt2176013,/1TlzJZrzUlaC95Noqt3oMoxQxCu.jpg,hi
Jab We Met,(2007),7.9,49012,11807,tt1093370,/sQ7A7jyTbkK90vjd8yCRuoyL9CK.jpg,hi
Jagga Jasoos,(2017),6.4,9428,401285,tt4129428,/qXZCEyFkNe5cm7xfkUDvV41Xnfh.jpg,hi
Jannat 2,(2012),6.3,5333,85053,tt2319889,/2nQgcZb9hGzU2Dz8cYC5JoxkYBi.jpg,hi
Jannat: In Search of Heaven...,(2008),6.9,6080,25510,tt1216300,/4QRFa5FjA27hC3ZnHfzAjeTUt0Q.jpg,hi
Jawaani Jaaneman,(2020),6.5,6371,607297,tt9248952,/705gRohjQM7v3yuX9kHMNM9fjEy.jpg,hi
Jo Jeeta Wohi Sikandar,(1992),8.1,22147,33202,tt0104561,/4QoNFpLuO4tpzBpFhDDS0GJIbR8.jpg,hi
Jodhaa Akbar,(2008),7.5,30717,14073,tt0449994,/gPjgeywFNTlh9IUuXWy85nn4h8J.jpg,hi
Johnny Gaddaar,(2007),7.9,11795,20129,tt1077248,/eTJRkCX68M6PXxSgMxyffhUtTyb.jpg,hi
Joker,(2012),2.4,5235,129507,tt1918886,/gA3xoiTWuaqEAiBXUqTv0gfZRSA.jpg,hi
Jolly LLB 2,(2017),7.2,23030,412090,tt5982852,/n9MjoGmaYagaaETCQP0S6Ch3JLH.jpg,hi
Jolly LLB,(2013),7.5,18466,177358,tt2621000,/zmh8eBq0MdwqHl7NMyVOnAhNu7I.jpg,hi
Josh,(2000),6.1,9667,131940,tt0151150,/epulB8WC1mGIEFJPZr50LVCKt6k.jpg,hi
Judgementall Hai Kya,(2019),5.9,5419,551688,tt8108196,/eXyTnYhWLjXEggUTOoFqZRCteml.jpg,hi
Judwaa,(1997),6.2,5679,161238,tt0119428,/hC1prtsvTKSUh6FzRun7zD0XXUB.jpg,hi
Kaabil,(2017),7.2,24942,403867,tt5460276,/ojs8b5N2BgFYoHCSb6vu0egZb6v.jpg,hi
Judwaa 2,(2017),3.7,9622,456565,tt5456546,/3BlL1cbOTkzHSXTy3Lw95OfiCKX.jpg,hi
Kaagaz,(2021),7.3,6738,776303,tt9569610,/wZq7tsSORRtIGAlf2QieWznXpeC.jpg,hi
Kaal,(2005),4.7,5039,20132,tt0415908,/dzFAY2jqODs7GXGhi590222WAyw.jpg,hi
Kaala,(2018),6.5,8163,459008,tt6929642,/xVAZZN4Av3e6YxwLgUWTYDNtta1.jpg,ta
Kabali,(2016),6.1,11886,366080,tt5071886,/va0M1xhP3sUUERWfHeSKGVhtJHW.jpg,ta
Kabhi Haan Kabhi Naa,(1994),7.6,17567,15419,tt0110222,/6FtBaFCz3UFFhXyE4JHxQDn43gM.jpg,hi
Kabhi Alvida Naa Kehna,(2006),6.1,18783,14395,tt0449999,/dkYQgRPuik4FGIUdGGVYGQJWrHa.jpg,hi
Kabhi Khushi Kabhie Gham...,(2001),7.4,46172,10757,tt0248126,/eJrD94E1msYEa0DygvkvdEKpChm.jpg,hi
Kabir Singh,(2019),7.0,27731,577328,tt8983202,/iHPF4rt8HTuDZzNH1L2FCiPzN48.jpg,hi
Kahaani,(2012),8.1,59060,82825,tt1821480,/e2eQVOrdQ8k7yYjjHKHP2nlwbTu.jpg,hi
Kahaani 2,(2016),6.5,5159,413547,tt5477608,/7JCbW4oEnGWfX1qkhLnrVdpmFVw.jpg,hi
Kaho Naa... Pyaar Hai,(2000),6.9,14186,16987,tt0234000,/alALytPcaZyQkzOjnRgHMSRv8fq.jpg,hi
Kai Po Che,(2013),7.8,34048,168245,tt2213054,/cAlv5vmDXzpVmTCk4DmggUbW7cd.jpg,hi
Kal Ho Naa Ho,(2003),7.9,64972,4254,tt0347304,/zhMI6I0kSLnewTMwE0A8Tz3Cj2f.jpg,hi
Kalank,(2019),3.8,11873,556271,tt6988116,/aU4DMIzR7u3EHqQ123oLmi9JTbL.jpg,hi
Kambakkht Ishq,(2009),3.8,6741,10788,tt1144804,/yiOoPDxP0r5bb3YGBtHI5rBp1xS.jpg,hi
Kaminey,(2009),7.4,16640,20688,tt1274295,/woeEkDNTyaJbNLEZXMkvk4XLNTx.jpg,hi
Kapoor & Sons,(2016),7.7,23991,374173,tt4900716,/oPdcOInH8TqR5udDTDPiDuLSN90.jpg,hi
Karwaan,(2018),7.6,13986,533237,tt7919680,/dS0ZFlqGbGGksSUdqk7niL7rywc.jpg,hi
Karan Arjun,(1995),6.8,13394,93519,tt0113526,/uYhjsC9gCKhxiG2enkCJgdLOXjB.jpg,hi
Karthik Calling Karthik,(2010),7.2,11005,34764,tt1373156,/8mIVy8A07asmB9vOSREI9x7kvSd.jpg,hi
Kedarnath,(2018),6.8,11446,465656,tt7027278,/viq6ltqew6ZU6dur1FUVKpf9tiZ.jpg,hi
Kesari,(2019),7.4,15660,498448,tt6264938,/ctjT1pMNAGD9ou0kuhz806tf7kX.jpg,hi
Khaali Peeli,(2020),2.5,8106,693836,tt10885444,/ovmbklvzSu8pbIthunlKPgIjlOo.jpg,hi
Khatta Meetha,(2010),6.0,9891,44565,tt1455811,/rIM83O7WUcZIlg9pd6SgXgB0w2v.jpg,hi
Khakee,(2004),7.4,15192,21665,tt0347332,/dMsqwWFl51t8jXR0tWzjEuO8H4l.jpg,hi
Khiladi,(1992),7.1,7726,161436,tt0104605,/r6HFdTBnXbVn8gXgXayNg76dKrz.jpg,hi
Khiladi 786,(2012),4.4,6582,147767,tt2166214,/3chNHVi7j0jmUvJ1k7n2EYPfFmC.jpg,hi
Khoobsurat,(2014),6.4,7877,291157,tt3554418,/wFrKBsp1jDHWIs3W8mEJNnVjOCT.jpg,hi
Khosla Ka Ghosla!,(2006),8.2,22723,15412,tt0466460,/nYcqtbv8Be6qpTcl6Y7qp0hvVdh.jpg,hi
Khiladiyon Ka Khiladi,(1996),6.0,5748,230454,tt0246729,/wFVvumuCAUovx7ZJTrZitqks7NO.jpg,hi
Khuda Haafiz,(2020),7.1,16142,719949,tt7363104,/4Glh9LgdsmlQxhUUKnCROHWdrsU.jpg,hi
Ki & Ka,(2016),5.7,5407,390437,tt4744086,/h0EdMN91ts85jN62UotOOUXa5Ho.jpg,hi
Kis Kisko Pyaar Karoon,(2015),5.6,5679,358985,tt4302956,/e3fZkrzWlgX3QDmQelygxKpyB2I.jpg,hi
Kismat Konnection,(2008),5.3,5334,15467,tt1105733,/maIqwcXgvcTLbJm2B8fjQ7BI3RY.jpg,hi
Kites,(2010),6.0,12605,37737,tt1198101,/lYJhUIsKtlke4gNNHkYZNppYlTZ.jpg,hi
Koi... Mil Gaya,(2003),7.1,21982,25516,tt0254481,/2iJVauDYcYxRRGciTmAOSjiATf9.jpg,hi
Krrish 3,(2013),5.3,21272,204435,tt1029231,/tuHHTj59CNXGhI9eRZM47aa3zuC.jpg,hi
Koyla,(1997),6.2,8445,160265,tt0136352,/rP12AzvscPo6WfKdrkw1Nfv2KrK.jpg,hi
Krrish,(2006),6.5,19091,32740,tt0432637,/Apd4UKesyTmpDutEjNVHP45kvBi.jpg,hi
Kuch Kuch Hota Hai,(1998),7.5,49322,11854,tt0172684,/5FmtHHDGPofW5Zjns1EM1D8503c.jpg,hi
Ladies vs. Ricky Bahl,(2011),6.0,9109,82698,tt1954598,/3PxKzBv4hr7rKjofcCiMRnwx4AT.jpg,hi
Lagaan: Once Upon a Time in India,(2001),8.1,107234,19666,tt0169102,/yNX9lFRAFeNLNRIXdqZK9gYrYKa.jpg,hi
Lage Raho Munna Bhai,(2006),8.0,44090,21461,tt0456144,/lgSn1tXDstMXSHJYkSibKkHqW8y.jpg,hi
Lakshya,(2004),7.8,21444,21175,tt0323013,/ctB8RWoK2LHn5skqN4eUWVSvpyM.jpg,hi
Laxmii,(2020),2.5,49164,603673,tt10350922,/6COHwokEERAjjvlmNF44Xg9BK1y.jpg,hi
Life in a Metro,(2007),7.4,11346,20492,tt0800956,/wWRFOMKftC33wv1GAJXaJdhXkEM.jpg,hi
Like Stars on Earth,(2007),8.3,175810,7508,tt0986264,/puHRt6Raovm5ujGCdwLWvRv4NHU.jpg,hi
Lingaa,(2014),5.6,5137,300425,tt4020624,/595P2VmfbSOegsfAWK9A5j9MFoG.jpg,ta
Lootera,(2013),7.4,14888,205017,tt2224317,/qirqvVPQt1vrC2QZyCGLyeLuTO.jpg,hi
Lootcase,(2020),7.5,15188,635503,tt10515526,/4F4T7fSxSaak4XQHrskRPcqL9yz.jpg,hi
Lipstick Under My Burkha,(2016),6.8,6373,418235,tt4807830,/watd7f9icZYuXd7ODenxw0tMAhE.jpg,hi
Love Aaj Kal,(2020),4.7,6994,590403,tt10023024,/wQd1RaaMfLFcLiDD9UEo4pdoTHq.jpg,hi
Love Aaj Kal,(2009),6.8,15191,19663,tt1275863,/AdAq1uhFV4ReQXo3blzGKbVxoYu.jpg,hi
"LSD: Love, Sex Aur Dhokha",(2010),7.1,5376,35687,tt1608777,/cGB0TZ27GXUTaBIxhf7IBPiHXzr.jpg,hi
Love Per Square Foot,(2018),7.1,7588,505175,tt7853242,/edKCIS7i4qruQ8B8sbou8scvPLe.jpg,hi
Lucifer,(2019),7.5,8210,564701,tt6067752,/fXgY2RCzoIJPhPDoyKRjaaqjIZs.jpg,ml
Luck by Chance,(2009),7.1,9678,16344,tt0886539,/19Qh3fEXsqB0pBl5DRnCBsgj7Ot.jpg,hi
Ludo,(2020),7.6,32403,658412,tt7212754,/zWq4HzuIcvoFss4BDkILYZqceuw.jpg,hi
Luka Chuppi,(2019),6.4,8808,585062,tt8908002,/ozCWKIQisOfWFgJDLMggIeEFTLE.jpg,hi
Lust Stories,(2018),6.3,10011,530154,tt8439854,/mP5HehSpCaRGd6ej66jxkhdl60B.jpg,hi
M.S. Dhoni: The Untold Story,(2016),8.0,43713,388333,tt4169250,/lUpMckVHaB55YJ3SMK0arwxKmCt.jpg,hi
Madaari,(2016),7.6,13676,397365,tt5713232,/rrZhF166gPDzdArYMSh3mPvFjYp.jpg,hi
Madras Cafe,(2013),7.6,23388,215776,tt2855648,/iQa81y965LtFp5CTYgcYeuEHAg4.jpg,hi
Main Hoon Na,(2004),7.1,33177,14134,tt0347473,/e14wdurP8vKrajKWZO3fmC1sITq.jpg,hi
Main Khiladi Tu Anari,(1994),6.5,5725,46403,tt0110438,/tFJFdzaI3huSWkElcgnMsr18lTZ.jpg,hi
Main Tera Hero,(2014),5.2,8139,262903,tt2762334,/bupZH3i1SAaLLC0OgYMSLDZN63Q.jpg,hi
Malamaal Weekly,(2006),7.0,6120,20494,tt0476805,/kGYn1rK0XBciKqnGHtLSnzJw6Gf.jpg,hi
Malang,(2020),6.5,8972,661043,tt9877170,/2COzaii4BnT1O6bbXfAxtoTmADm.jpg,hi
Mangal Pandey: The Rising,(2005),6.5,9520,20496,tt0346457,/sNbujMdQQavUFvUCDhoFtKkpYL7.jpg,hi
Manikarnika: The Queen of Jhansi,(2019),6.4,10230,491622,tt6903440,/kbTzlKKnZHZ8RYulknO4xqQOJ24.jpg,hi
Manjhi: The Mountain Man,(2015),8.0,18207,353898,tt3449292,/nmFL0KThULuggh7DxUimi5XTTWu.jpg,hi
Manorama: Six Feet Under,(2007),7.5,7563,46404,tt0920464,/1b5ZrBI48xbAVmCbNNhvFXz474y.jpg,hi
Maqbool,(2003),8.0,10024,21265,tt0379370,/8ULTBxnbt0NrWlDm5fahbQooj91.jpg,hi
Mard Ko Dard Nahin Hota,(2018),7.3,6647,541495,tt8055888,/lxHYXswJjaT5k0hPOMmNDRz1EjI.jpg,hi
Mardaani,(2014),7.3,11913,287767,tt3495000,/fD1zfYXgMbDkgIt9ZrHfte6mWHE.jpg,hi
Mardaani 2,(2019),7.3,8198,591101,tt5668770,/9Fk6SzvqFuPMGCfnkUSDANtOxVD.jpg,hi
Mary Kom,(2014),6.8,10089,284288,tt3001638,/eI1rxHzxO2sWeeBMvr42buetYnd.jpg,hi
Masaan,(2015),8.1,24900,336203,tt4635372,/wgcPR6Weth2yJDo5wBdNqW2TD6J.jpg,hi
Masti,(2004),6.2,6068,76684,tt0406977,/2cUfjsn5uCiDiTdkjiEQM2HXYLg.jpg,hi
Matru ki Bijlee ka Mandola,(2013),5.6,6035,139521,tt2106537,/bUc4nB4FgGFrwhhFlmUlvspa1RN.jpg,hi
Mausam,(2011),4.8,5258,75157,tt1627924,/dxk7w6CDQLc1yjkZZCiGdusU0n1.jpg,hi
Mere Brother Ki Dulhan,(2011),5.9,8946,74458,tt1740710,/xPOnbPiAVkRu6GIHDnsyRl3Kb0K.jpg,hi
Mission Kashmir,(2000),6.6,6531,46406,tt0248185,/tf2kw9HfzuowczsT7VDVR5KQxJH.jpg,hi
Mission Mangal,(2019),6.6,12611,611594,tt9248972,/yUR7yDFNXQSoA51G0PPjIXOG2C9.jpg,hi
Mohabbatein,(2000),7.1,27990,11518,tt0213890,/dDsYaBazrYKg9bv8qgsEohZQMat.jpg,hi
Mohra,(1994),7.0,7623,109028,tt0110546,/r6Eafb6fYhNrBNGDxwdJxfN9del.jpg,hi
Mohenjo Daro,(2016),5.6,10903,402672,tt3859980,/3k4ESzzPCQHwjPYJoI489Fk2jZc.jpg,hi
Monsoon Wedding,(2001),7.3,23663,480,tt0265343,/vCwkv7tYFem0tQ9Duoq2MX7T7Zd.jpg,hi
Mother India,(1957),7.8,8788,917,tt0050188,/AlfM9yLcK1rhv73iNbDiOU9vnnu.jpg,hi
Mr. & Mrs. Khiladi,(1997),6.3,6022,170838,tt0162480,/hyD1LX15vx5hGSNIgzt2Swz9Pau.jpg,hi
Mr. India,(1987),7.7,14451,41903,tt0093578,/nqDJ8vuVFYymUhOUKcGCZoHy4tu.jpg,hi
Mrs. Serial Killer,(2020),4.0,11531,601807,tt10230426,/4qogeMcCcqilL2PGUUY7KbrpWsj.jpg,hi
MSG 2 the Messenger,(2015),7.0,8431,373195,tt4921860,/cqKA6RjdgwQbZkVZNAsUQhjTwr0.jpg,hi
Mulk,(2018),7.2,14156,526090,tt7618184,/2ylI1irPUIn0sz0f8I3Z2QtbJ24.jpg,hi
Mujhse Shaadi Karogi,(2004),6.7,14312,20495,tt0418362,/9PqBPlaO5wLI7LPMaJNLoIiSSSA.jpg,hi
Mumbai Meri Jaan,(2008),7.7,6034,16537,tt1266583,/pzxh642LtRJLpCksGjCdUk9aiIk.jpg,hi
Mumbai Saga,(2021),5.8,7295,608746,tt10483386,/4xTtLkGEmUD5Oqjsv3lrkeLr2NW.jpg,hi
Munna Bhai M.B.B.S.,(2003),8.2,75813,19625,tt0374887,/OjJ2eZFMr0InHxjYCQXwxDoo4v.jpg,hi
My Name Is Khan,(2010),7.9,101014,26022,tt1188996,/5Y36lCiNyyV71mjq6LavgiggbhT.jpg,hi
Murder 2,(2011),6.3,6662,69775,tt1918965,/eJZ5QbzFKuDLNcsKzWd62DKNc5H.jpg,hi
N.H 10,(2015),7.2,12421,330431,tt3742284,/1PPUgbQE9UVrgPyMif8urLSIKWb.jpg,hi
Naam Shabana,(2017),6.2,5924,441071,tt6170954,/xFHeFrOYzsHgAiZeGAjwJmDMen6.jpg,hi
Namastey London,(2007),7.1,20942,20360,tt0795434,/dO0F66lM1jehIH5bsooKSbdz7xG.jpg,hi
Nayak: The Real Hero,(2001),7.8,14939,33457,tt0291376,/5aFFHWnc3EtV3mkgAImOGENbcEc.jpg,hi
Neerja,(2016),7.6,21470,376869,tt5286444,/alDRJWHI1TfqB9ev6cMbVE5P92x.jpg,hi
Newton,(2017),7.6,17734,439128,tt6484982,/ubzHA1aXUsWvQJHjvqBCHxzTBi5.jpg,hi
Nil Battey Sannata,(2015),8.2,6069,361249,tt5005684,/fvsPtLdIFM4lsjFX5CQ1X6yjzSZ.jpg,hi
No Entry,(2005),6.6,11195,20390,tt0451833,/h1ErmexOhpRsVYPil9PQOJVRu2j.jpg,hi
No One Killed Jessica,(2011),7.2,11199,53569,tt1734110,/oIFJXzzfG2sRxCn1T03WVN0gl9v.jpg,hi
No Smoking,(2007),7.3,6928,36204,tt0995740,/reJRahEjVlMpbolmrRZRyKOcy3m.jpg,hi
October,(2018),7.6,14013,496527,tt7700730,/nHUBPUwXkHinq2rIXnnCHsPylD1.jpg,hi
Om Shanti Om,(2007),6.8,40120,8079,tt1024943,/oArsQTD4bPPMtRjqr03SO9W6phF.jpg,hi
Omkara,(2006),8.0,19631,14705,tt0488414,/hRPFHoyvqWd1iu27muybtZMlbou.jpg,hi
OMG: Oh My God!,(2012),8.1,53454,135718,tt2283748,/iTPzC3H2iG49xFIcMs01UfZeBXv.jpg,hi
Once Upon a Time in Mumbaai Dobara,(2013),4.5,6839,208540,tt1891884,/guXvxt6hvZyQqHXGYuvujtuxcCQ.jpg,hi
Once Upon a Time in Mumbaai,(2010),7.4,16677,42966,tt1395054,/qkPmQx9GMuwTDEuIUMoeN6DEqVA.jpg,hi
Paa,(2009),7.1,11492,26379,tt1532957,/vslu8ixLEceu5qM0CnXMl4mavY9.jpg,hi
Oye Lucky! Lucky Oye!,(2008),7.7,16700,15975,tt1292703,/rtuw7H9ACOfs9BtRGF9okrr8yJH.jpg,hi
Paan Singh Tomar,(2012),8.2,34161,96398,tt1620933,/ii2KMVvGmcmJrqwYcT5nKn92bD5.jpg,hi
Pad Man,(2018),7.8,22611,447856,tt7218518,/guI9SEqpZ6A0mhYpngb1gwAy6N2.jpg,hi
Padmaavat,(2018),7.1,28573,432527,tt5935704,/5kk71s8Vmvt8XQOojevhTA5QcB0.jpg,hi
Pagglait,(2021),6.9,7043,786190,tt11142762,/oIVAwceJjOwFjUkoJoOiooGupm0.jpg,hi
Padosan,(1968),8.1,6443,20622,tt0063404,/b3saYvaYdzuXCEfIfNJiKaO58qO.jpg,hi
Page 3,(2005),7.3,6712,20623,tt0443708,/wQnQ8BOiJpLze6wC01ujoQcjyeU.jpg,hi
Panga,(2020),6.8,5455,656007,tt8983166,/Ap8NRozS7wlWCMmsd3RIDP1xzGP.jpg,hi
Paheli,(2005),6.4,12727,33081,tt0451850,/1oQ8mBfBKcVT758y1949ULkSXER.jpg,hi
Pardes,(1997),6.9,14018,25519,tt0119861,/cUiM7V2hK540SN9Wd6UXZPGcDBH.jpg,hi
Parineeta,(2005),7.2,8867,20651,tt0437407,/6PupxvUzTVqkSJvvbDILOjLQwuB.jpg,hi
Pari,(2018),6.6,5900,461649,tt7329858,/togwv0TGqXkIA2YuYIY9VDLEkdF.jpg,hi
Parmanu: The Story of Pokhran,(2018),7.6,21773,465642,tt6826438,/58X8iBxgT5n4aVBLkDFSnOrIHlD.jpg,hi
Partner,(2007),5.8,11787,27298,tt0807758,/ifzUeRrxGtAps8YlMPPj6povfLh.jpg,hi
Patiala House,(2011),5.6,8780,53299,tt1535467,/16Q863XEtms2HH8LaCZQmp3tRoz.jpg,hi
Pati Patni Aur Woh,(2019),5.8,6166,590350,tt9680136,/9sAegdBnkfucqhrsocR47zCKcez.jpg,hi
Peepli [Live],(2010),7.4,11954,44549,tt1447508,/zJ1e7pmyJ8an6ZxhhjwVNvqHe7t.jpg,hi
Phas Gaye Re Obama,(2010),7.5,5284,56897,tt1773015,/wdRVfwsdXpN7H4p8Ydnr90Ym5d3.jpg,hi
Phir Bhi Dil Hai Hindustani,(2000),6.1,7103,97351,tt0222270,/7VvNZVMbUcxwfdLZlUSZnKFYu0p.jpg,hi
Phir Hera Pheri,(2006),7.3,19525,20359,tt0419058,/c1Mvyd983ZyrU5Vf2aKEe6WncSq.jpg,hi
Pink,(2016),8.0,40953,415358,tt5571734,/6xNhnyKm2M5FEOY7xv5iKiQ5P3.jpg,hi
Piku,(2015),7.6,29786,332835,tt3767372,/yo7EZWiLpLGhqs3YnlDGDBPjfTb.jpg,hi
PK,(2014),8.1,168150,297222,tt2338151,/z2x2Y4tncefsIU7h82gmUM5vnBJ.jpg,hi
PM Narendra Modi,(2019),3.0,5954,589291,tt9558612,/4goB5vutZlPZaB0jovwJqOnUKGm.jpg,hi
Prem Ratan Dhan Payo,(2015),4.5,19913,362136,tt3595298,/pCxT9c2E0YhzxsSkweVW2ELO3mS.jpg,hi
Pyaar Ka Punchnama,(2011),7.6,20388,65521,tt1926313,/vKCuXtM3hpsm9kLu1Jlg5E79owb.jpg,hi
Psycho Raman,(2016),7.3,13418,393562,tt5662932,/kcc5J5tv3a7y5TjUUmpvcVF6Faj.jpg,hi
Pyaar Ka Punchnama 2,(2015),7.2,14259,363413,tt4430136,/2EjMwAPh8ILLZloqr5U42BCoWMe.jpg,hi
Qarib Qarib Single,(2017),7.1,7382,479918,tt7399470,/yKEKZ0uTpKm743xsPOuhrfTBLL2.jpg,hi
Pyaasa,(1957),8.3,5823,41053,tt0050870,/lQu1gBTKIF4BGC0f3GZPEbQYzWq.jpg,hi
Qayamat Se Qayamat Tak,(1988),7.4,10497,27964,tt0095936,/rWF3RMf7SKfZx5CObQusnemnhmU.jpg,hi
R... Rajkumar,(2013),5.3,5552,240614,tt2369154,/2wURYkClPhuWaZz936eUEWWVzUM.jpg,hi
Ra.One,(2011),4.8,39039,41517,tt1562871,/qwC3rbgCI0frJpRxVm74Ak3ktpU.jpg,hi
Raabta,(2017),4.8,6311,456562,tt5542802,/ovdpOhdgYqhDmy3uYGhNN16CKzQ.jpg,hi
Raanjhanaa,(2013),7.6,30344,191121,tt2359810,/wi1Qv5nPo0ddJgjA0baD9MR3NC0.jpg,hi
Raat Akeli Hai,(2020),7.2,15769,589615,tt12567088,/lQPWcvQiv1D1xBlpnn5o0hepXkX.jpg,hi
Raazi,(2018),7.7,26557,491629,tt7098658,/l9VJoRj0CYBURsnetvazq73FOfz.jpg,hi
Rab Ne Bana Di Jodi,(2008),7.2,44985,14072,tt1182937,/m8x6I2qf3R98HtF4DmJXcdxCU64.jpg,hi
Race 2,(2013),5.4,15574,44749,tt1375789,/tUe3rzMvVsbi63z3EKA8egjFBv8.jpg,hi
Race 3,(2018),1.9,42457,496320,tt7431594,/wtnA5mmNumYkeevokar6IskyrZP.jpg,hi
Radhe,(2021),1.9,162455,679844,tt10888594,/n6kZfTjuTK3P9ByRFTkBlUwdBRA.jpg,hi
Raees,(2017),6.6,41441,363343,tt3405236,/zFYFUfnoXWxeA3n7v4acEqgk2iE.jpg,hi
Raid,(2018),7.4,15835,503838,tt7363076,/qx3m9mRUmDZUVQeAe7CAzFX7xCB.jpg,hi
Raja Hindustani,(1996),6.1,7195,21566,tt0117437,/m4Uy3dHYmnYgvZ0U2xK5alazBFR.jpg,hi
Raju Ban Gaya Gentleman,(1992),6.7,7351,45003,tt0173102,/fKwlg9RaftVirIhuLya2fmJv8b2.jpg,hi
Ram Gopal Varma Ki Aag,(2007),1.4,6655,31248,tt0473310,/hqWnLZ766S2vBRH2ec1oFzFxlCT.jpg,hi
RamLeela,(2013),6.4,19114,235984,tt2215477,/6Pph0xbOJvNPhWh1fdeWGHppSPH.jpg,hi
Rang De Basanti,(2006),8.1,114446,7913,tt0405508,/f1bF8CHzEu621bPSIg6XiUNAabh.jpg,hi
Rangeela,(1995),7.4,9370,21570,tt0114234,/tUGVpmgWhsg9rZCDNSUW7MJWSKf.jpg,hi
Rehnaa Hai Terre Dil Mein,(2001),7.5,7713,46418,tt0299108,/qTKDqkD5h5ADx9ZoBh6RWNz4DcV.jpg,hi
Ready,(2011),4.9,16937,65946,tt1708532,/umfKMUkXXPfMUoOq60nXjDbQOCL.jpg,hi
Rock On!!,(2008),7.7,21178,19672,tt1230165,/cckTZXVpchMrljPouFf7u2wqUTX.jpg,hi
Rocket Singh: Salesman of the Year,(2009),7.5,19343,26815,tt1434447,/3Z8lLFzPOBfOO4w3CykRaCeh9h.jpg,hi
Rockstar,(2011),7.8,40835,79464,tt1839596,/cJZC9riwrdATBUonkZJZD6y9g40.jpg,hi
Romeo Akbar Walter,(2019),6.7,5120,585862,tt8550208,/bFMVatMQVqB3lZGXFpK38tPAetq.jpg,hi
Rocky Handsome,(2016),6.8,7647,376873,tt3410408,/x6jfeYy7KTBk4eS0kMUHTd4sGtZ.jpg,hi
Roohi,(2021),4.3,6422,694103,tt10098288,/10kCy34fbgU9nI5ScfMcCGebNgo.jpg,hi
Roy,(2015),3.2,7240,316900,tt2976182,/2TL4FJnIffNn94S2gG2UwRn3Zxc.jpg,hi
Rowdy Rathore,(2012),5.9,21097,102632,tt2077833,/ytdp64MDSpONpm932nQcMTD95IF.jpg,hi
Rustom,(2016),7.0,24285,392572,tt5165344,/xwf74VcrHu1etzOsRVx7nckPPLR.jpg,hi
Saajan,(1991),7.2,6267,107745,tt0102825,/wg4WBjFhYZeLaaQhE3NeFyfTn2Y.jpg,hi
Saathiya,(2002),6.8,6734,20656,tt0330843,/905TrVqL3R6PmaT2difJaB6I0OM.jpg,hi
Saala Khadoos,(2016),7.6,11638,357706,tt5310090,/h2cjfz0oDywC9KPTwjWSqubKLob.jpg,ta
Saawariya,(2007),5.2,7445,16283,tt0758053,/k5JRtA6Np3n0nTr11QK6Pt9gm4r.jpg,hi
Sachin - A Billion Dreams,(2017),8.4,7711,401552,tt4640206,/ysOy2g2NcDRszOM8YF14aru82fy.jpg,hi
Sadak 2,(2020),1.2,67785,556270,tt7886848,/qYQ2xuujz16HwpDoz2ejOK2nzh7.jpg,hi
Salaam Bombay!,(1988),7.9,8801,45129,tt0096028,/405GFXA7NKwVxqP9WHD5RaKZ84C.jpg,hi
Salaam Namaste,(2005),6.2,6981,15084,tt0456165,/wL1lm92Da9R7VEPXD0ZCSt1kuUd.jpg,hi
Salaam-E-Ishq,(2007),5.2,5260,25869,tt0485272,/85XY4iBEZrwow6IahGhrFvmtacX.jpg,hi
Sanam Teri Kasam,(2016),7.6,10855,381418,tt5255710,/xb9T5kMSq4pp9CDUgO5oQAy6p4q.jpg,hi
Sandeep Aur Pinky Faraar,(2021),6.3,6489,534081,tt7094488,/bsMSeABadrbK0xCFiK1iqxenYM5.jpg,hi
Sanju,(2018),7.6,49199,496328,tt6452574,/q1wkN4VQuBTj1AeyTLLz2w6awMA.jpg,hi
Sangharsh,(1999),6.7,5235,166012,tt0111068,/qGip4Xr3j9wHhIj1HFFgvVNULpC.jpg,hi
Sarfarosh,(1999),8.1,24454,31524,tt0200087,/uO8QoA7LS1Q2nr6iK7PSz7xR1um.jpg,hi
Sarkar,(2005),7.6,16038,20968,tt0432047,/rxruLUuejw1By5KMZVbhN8VJv9O.jpg,hi
Sarkar Raj,(2008),6.7,7295,14394,tt0490210,/93xsKSBQLY2RndYOg0e4Nqf11OR.jpg,hi
Satyameva Jayate,(2018),5.7,6302,531597,tt8202612,/yXdzw7Mg7UeAnIRMsMgP9DiiGuk.jpg,hi
Satya,(1998),8.3,13918,21502,tt0195231,/wwgpEEGU5RVu5hM7AZa6oiivcln.jpg,hi
Secret Superstar,(2017),7.7,21923,441889,tt6108090,/fkTeziNtc0uwE899uI1hlMOEdZL.jpg,hi
Section 375,(2019),8.1,13045,507941,tt8144834,/x7rVZ0KiPWxBMJBI8roIwlMvs2c.jpg,hi
Seeking True Love,(2017),7.5,20275,467106,tt6967980,/gviYC7rpJ4HWbbEFs0ZW5u965Tq.jpg,hi
Shaadi Mein Zaroor Aana,(2017),7.5,13387,480810,tt7469726,/aMIVJ6Djbmsba1ybQTbNpgIVEF4.jpg,hi
Serious Men,(2020),6.8,6382,743382,tt10230414,/vRrVmiXapjHAcc3tW7wvY5n3WLi.jpg,hi
Shaandaar,(2015),3.6,5250,362140,tt4007558,/z49dRpH7xgAfXw4QYeqc20MvH9Y.jpg,hi
Shahid,(2012),8.2,15659,128206,tt2181831,/9AO8ciYnqjg9YavpR01n9sobE0.jpg,hi
Shaitan,(2011),7.2,8146,69785,tt1836912,/4X9wr1tnwPY0MPlf3MHtJBggdlA.jpg,hi
Shamitabh,(2015),6.7,7099,323426,tt3836958,/3D5FG0oceTEpgLrz1v8aFWja3wn.jpg,hi
Shakuntala Devi,(2020),6.2,8456,679045,tt10964468,/8KBmoMHfdrjednxWAvkh7ARhrRJ.jpg,hi
Shikara,(2020),3.4,6399,661671,tt10930586,/ncLh2MnAWX7cJVwxIo8TY6uI37U.jpg,hi
Ship of Theseus,(2012),8.0,6922,128207,tt1773764,/t75n1cm3uZXl4WQj8U9UcfBRmWC.jpg,hi
Sholay,(1975),8.1,52511,12259,tt0073707,/ya9bwgqA4eNl5bQ9QqS0jcmRoBS.jpg,hi
Shivaay,(2016),6.1,9909,370992,tt3771536,/2BWgVSH1cbTHtaD11Ckf9JLmT7B.jpg,hi
Shootout at Lokhandwala,(2007),7.1,9607,20742,tt0811066,/6p8ddG6t8FzJTFNYODG27Er0Pdn.jpg,hi
Shootout at Wadala,(2013),6.0,6439,188640,tt2301155,/qFcNJCXd2G18ngq4rFq601MbqbZ.jpg,hi
Shubh Mangal Savdhan,(2017),6.9,9094,471892,tt6971752,/2vqW0VNvaQYSarPQtqHTRkOKQq8.jpg,hi
Shubh Mangal Zyada Saavdhan,(2020),5.8,8208,606535,tt10309906,/il9y4odx9el9Imwz6VMQrz9BcNz.jpg,hi
Shuddh Desi Romance,(2013),5.8,8447,209410,tt2988272,/j141I2N8e8HuVHEDNPZ1K2qeqM4.jpg,hi
Simmba,(2018),5.5,15244,496524,tt7212726,/3jUuzSymG3uzYM1cUaERsFSZT58.jpg,hi
Singh Is Bliing,(2015),5.0,7891,283827,tt3696192,/tBkCntLUWwZ0kXDE1DlZBlvLbsK.jpg,hi
Singh Is King,(2008),5.8,14526,12273,tt1146325,/w2szK0vL9NzFsp3FHHEaeqGigjX.jpg,hi
Singham,(2011),6.8,14788,70590,tt1948150,/pggLRaurdWwjqX2vkhKIVQSBjXV.jpg,hi
Singham Returns,(2014),5.7,7675,285803,tt2309764,/k8CDjZLYG8bCIuXWAg4gukxf0BE.jpg,hi
Sir,(2018),7.7,5461,518497,tt7142506,/1xlh1jh9Lxz4OzusFKeljqoRxjL.jpg,hi
Sivaji,(2007),7.5,18422,24049,tt0479751,/t5oPb8q91gdClkyJG2hxyebEglv.jpg,ta
Socha Na Tha,(2005),7.4,7475,21555,tt0451919,/8HbdfX0FGnQUQ8WtGWY5zLZB4lH.jpg,hi
Son of Sardaar,(2012),4.4,9060,140896,tt2178508,/rqFbCvKVPdqI1Yrm8Xn172XXiVC.jpg,hi
Sonchiriya,(2019),7.9,9572,535144,tt8108200,/7ygikeDbneOlUFIQyvAmMrvi3vJ.jpg,hi
Sonu Ke Titu Ki Sweety,(2018),7.1,20000,498598,tt7581902,/1nsVHEVKOag8syzGtqnlYlbMQdh.jpg,hi
Soorarai Pottru,(2020),8.6,83029,595228,tt10189514,/5uimlxPCgAei8JfQUDFEUQLoyyh.jpg,ta
Special 26,(2013),8.0,52354,165904,tt2377938,/cOo6lOiZXO0zldPKsih9asKPWDo.jpg,hi
Stree,(2018),7.5,29900,533991,tt8108202,/euhgW6hpDYw7nxFDjqHn0eKvQPX.jpg,hi
Stanley Ka Dabba,(2011),7.8,6493,68256,tt1907761,/6ivNFQZCg7ZeDtPK900DD4iwPSc.jpg,hi
Street Dancer 3D,(2020),3.8,5930,644712,tt9648672,/mnsoKSS6EZNB7y2kEzXHdLm1U0E.jpg,hi
Student of the Year,(2012),5.3,16038,138122,tt2172071,/yQIph97KwXmMiXu1kOWPj065P8J.jpg,hi
Student of the Year 2,(2019),2.2,17483,503129,tt7255568,/upy2LuSohFYnMGJQl3039TPnlmh.jpg,hi
Sui Dhaaga,(2018),6.8,7421,496327,tt7147540,/dit1yb4Z5WBtCFqn7Bl3oN8l7A1.jpg,hi
Sultan,(2016),7.1,41777,376812,tt4832640,/oarT8LL2XE0aPU9kXqrD249Z4rM.jpg,hi
Super 30,(2019),7.9,23000,534075,tt7485048,/n0LdZvEqZjnSQSHzzwryFBYjXk1.jpg,hi
Swades,(2004),8.2,85340,15774,tt0367110,/yUSL24kpHc9Nls4Pohia4shgcIM.jpg,hi
Taal,(1999),6.6,5068,20929,tt0152836,/n2VsCd4wPIEMTWQBxBJVKVAOeTk.jpg,hi
Table No. 21,(2013),7.2,11709,157129,tt2229842,/nTchGUCfHrjvVYmps9a7hDQbHl2.jpg,hi
Talaash,(2012),7.3,40234,86004,tt1787988,/oCxyN7HmJ7zWp8jtJeMRHABnutF.jpg,hi
Talvar,(2015),8.1,32313,353464,tt4934950,/vye2RxyxXKeTIJBSHo0HkvFuTCR.jpg,hi
Tamasha,(2015),7.4,24623,339274,tt3148502,/8Ktf15qGVFYQ6CdBtBgCDM96UMC.jpg,hi
Tanhaji: The Unsung Warrior,(2020),7.5,22344,584850,tt8108274,/fZhgcUVwV7ocglL5XDq4ygsfXqD.jpg,hi
Tanu Weds Manu Returns,(2015),7.6,26843,336211,tt2140465,/sO3XD6ZDZetb2N6YDQrHLTVQrfq.jpg,hi
Tanu Weds Manu,(2011),6.8,13804,58333,tt1694542,/jSp16ilrwEyeBorFcBdFtYjhMUr.jpg,hi
Tashan,(2008),3.8,5037,14193,tt0995752,/h5GHlLJLan8eFFpBazIMP4iD0Rg.jpg,hi
Taxi No. 9 2 11: Nau Do Gyarah,(2006),7.3,9418,20931,tt0476884,/jemDSQcGlsd1rvWkIDPamMKDkAj.jpg,hi
Te3n,(2016),7.2,12118,377213,tt4814290,/yWntREFdME1ctbtG2s7C3eSh9ph.jpg,hi
Tees Maar Khan,(2010),3.1,11981,46040,tt1572311,/xhbaxPSFA78hQpsSekPLdBoyGIK.jpg,hi
Thank You,(2011),4.8,5433,61400,tt1720254,/1jz15NthZjMHG8sKajS6D6QJkeb.jpg,hi
Tere Bin Laden,(2010),7.2,10234,42323,tt1629391,/9L1SPbw0UCvEQ36qYote2lVfTm5.jpg,hi
Thappad,(2020),7.0,15063,668435,tt10964430,/nSOgDTClgfbIOBgv4Itf3GSEkWA.jpg,hi
The Accidental Prime Minister,(2019),6.0,6373,460868,tt6986710,/ec6UmcBD4z76ZzlbZJWpHyr75yd.jpg,hi
The Big Bull,(2021),5.6,11536,660042,tt9614452,/j0R4hvkS5KNkChVz0UZTDkrdKzo.jpg,hi
The Brawler,(2017),8.0,6847,470641,tt7180544,/qZP2VQwx6prmTbxWyolkhl3QYDU.jpg,hi
The Dirty Picture,(2011),6.6,8931,81273,tt1954206,/fRQDWod9DC8ZPrqU0mvKrLFo5EG.jpg,hi
The Girl on the Train,(2021),4.0,7312,695958,tt8907992,/6Zvov912Mm0mrjR5nEGbSujjnGE.jpg,hi
The Ghazi Attack,(2017),7.5,12367,442405,tt6299040,/i7lITQa1v7dZZgLIdE8vZRnPhOC.jpg,te
The Legend of Bhagat Singh,(2002),8.1,15250,31525,tt0319736,/pOd8woHbZUDn9HheKTkSQHFNTZ2.jpg,hi
The Lunchbox,(2013),7.8,52120,191714,tt2350496,/jSOiz1h97i3qwjZJXY8SeLvjPsl.jpg,hi
The Sky Is Pink,(2019),7.6,7683,613446,tt8902990,/jXseh5pR0NuuNhHhyhM5DasqL8v.jpg,hi
The Tashkent Files,(2019),8.0,9579,594673,tt8108268,/rIIERAso7BYRvfMU8zqmnYLpm8D.jpg,hi
The Villain,(2014),6.6,17169,276935,tt3175038,/tIMfMyCo7yeRqaRXmor5yJj14pV.jpg,hi
Thugs of Hindostan,(2018),4.1,18219,472138,tt5970844,/eonEvymAPpXvWvbBu21HYJx8VdS.jpg,hi
Toilet: A Love Story,(2017),7.2,18889,441875,tt5785170,/8YUBka56t4HcHLVMGnGA1WizpMV.jpg,hi
Tiger Zinda Hai,(2017),5.9,25732,441909,tt5956100,/mdzNLFfCfuBoJz43l0SmMWWdu5t.jpg,hi
Total Dhamaal,(2019),4.2,5649,576121,tt7639372,/2ZeE0hQSVMNjkRCqyxkBrvnmzsr.jpg,hi
Torbaaz,(2020),5.1,5289,681235,tt7805960,/yj44DlUalvtEKXI9Py6Xz8WypBZ.jpg,hi
Tubelight,(2017),3.9,17774,441881,tt5882970,/hy7Ka19Vx2TwXA6OWZSe4XuMDlK.jpg,hi
Tumbbad,(2018),8.2,32920,538858,tt8239946,/vzjZAKozbDplHWcQXbXo0APKxst.jpg,hi
Udaan,(2010),8.1,43199,45316,tt1639426,/8dQmrGk0WRPiCwiiGdIxnY5s8Pc.jpg,hi
Udta Punjab,(2016),7.7,28010,398535,tt4434004,/c7BXGhHwvK1AfDCmfPTtw5LsuIU.jpg,hi
Vaastav: The Reality,(1999),8.0,12996,146270,tt0220832,/fsB57eZ0EJ9nXLxgfjQG9iYiswH.jpg,hi
Uri: The Surgical Strike,(2018),8.2,45981,554600,tt8291224,/yNySAgpAnWmPpYinim9E0tUzJWG.jpg,hi
Veer,(2010),4.6,7598,30886,tt1185412,/v09SoSyKjooHn4pmOwa4v58lE5U.jpg,hi
Vada Chennai,(2018),8.4,13120,410331,tt5959980,/12TfMF60mrh9Uo5MD98zKUkSQ9t.jpg,ta
Veere Di Wedding,(2018),3.4,12000,483189,tt5842616,/yeXnYRRQE2MT7s04uUfKS696cqi.jpg,hi
Veer-Zaara,(2004),7.8,50101,4251,tt0420332,/j267YqLvKAHeyykTflxzpgVgviQ.jpg,hi
Vishwaroopam,(2013),7.9,39098,117319,tt2199711,/6j0ie6qImOH0ndS7uaZb4879PwC.jpg,ta
Vicky Donor,(2012),7.7,40589,103243,tt2317337,/u8AO7DgcVYkVSXeU7oQdlhMFwcN.jpg,hi
Vivah,(2006),6.7,9288,33142,tt0494290,/e5zFYX3hW1TNeFCzRw7ET2DxRPm.jpg,hi
Wake Up Sid,(2009),7.6,29167,21297,tt1324059,/1UpgW67W6Do0xizTuE26bMQFLdL.jpg,hi
Waqt: The Race Against Time,(2005),6.7,9478,31364,tt0390614,/vELjzwLrR9oel81b4xguRNCMDrN.jpg,hi
Wazir,(2016),7.1,17809,275269,tt0315642,/wo5ASV73rrLr9z22P4nfqwPQPRA.jpg,hi
Welcome,(2007),7.2,19527,20294,tt0488798,/fudxnXlTTBIDCkpR7XhlIgkNaUY.jpg,hi
Welcome Back,(2015),4.3,5656,357563,tt3159708,/xnRIT3ggVcJxGWylKw85n6pteLp.jpg,hi
When Love Calls,(1989),7.3,11486,27624,tt0100095,/aqZ9CEbXVLrEVAZFpT2F7PAE7dV.jpg,hi
Yeh Jawaani Hai Deewani,(2013),7.3,39863,185008,tt2178470,/em39H81XLCDgXsI7V4IcBZseEO6.jpg,hi
Yes Boss,(1997),6.7,12714,79982,tt0120540,/ayp76lRwyp5izlZVnxcZscgHofH.jpg,hi
Yuva,(2004),7.3,8588,43410,tt0382383,/m3h7iSCBBFT40IZYuh3IjJN6fjE.jpg,hi
Zindagi Na Milegi Dobara,(2011),8.2,70344,61202,tt1562872,/hKO9O715wYxjkQSEv47giCYcyO8.jpg,hi
RRR,(2022),7.8,1703,579974,tt8178634,/u0XUBNQWlOvrh0Gd97ARGpIkL0.jpg,te
Bāhubali: The Beginning,(2015),8.0,963,256040,tt2631186,/9BAjt8nSSms62uOVYn1t3C3dVto.jpg,te
Bāhubali 2: The Conclusion,(2017),8.2,887,350312,tt4849438,/21sC2assImQIYCEDA84Qh9d1RsK.jpg,te
Eega,(2012),7.7,267,148265,tt2258337,/pX7fn4EZrg2YFlV4GNMIfHDOQZ6.jpg,te
Devara: Part 1,(2024),6.0,225,811941,tt11821912,/lQfuaXjANoTsdx5iS0gCXlK9D2L.jpg,te
Pushpa: The Rise,(2021),7.6,205,690957,tt9389998,/cLCPRzTFBM9azgD46m2MxYSx5wX.jpg,te
Kalki 2898-AD,(2024),7.0,198,801688,tt12735488,/rstcAnBeCkxNQjNp3YXrF6IP1tW.jpg,te
Pushpa 2 - The Rule,(2024),6.0,164,857598,tt16539454,/1T21FblunT0y8fz7YaW8JMYgUKm.jpg,te
Magadheera,(2009),7.7,152,23790,tt1447500,/xK7MEV56GF291VG0U5XnVJuvNv3.jpg,te
V,(2020),6.8,132,683342,tt11385128,/iBVcwOVZNGNCNlOLFmcYJW83tTu.jpg,te
Salaar: Part 1 - Ceasefire,(2023),6.7,127,770906,tt13927994,/nlu9WbcetNFRGXXPWITr30ob7W6.jpg,te
Arjun Reddy,(2017),7.9,123,473234,tt7294534,/kHubDgL59I5hCn7ccBYvU7bKY1r.jpg,te
Sita Ramam,(2022),8.5,118,894803,tt20850406,/t1O94ZBzsQXJihtVkrsStRLyUDR.jpg,te
Ala Vaikunthapurramuloo,(2020),7.3,117,628241,tt9537292,/2rzORJaegE2bbKNVkQXbZCeV0BP.jpg,te
Saaho,(2019),5.1,117,454292,tt6836936,/rWXIpR2uPkwb1Hrhjj2FA62FGdu.jpg,te
Lucky Baskhar,(2024),8.0,103,1239511,tt27540542,/a47JQFl9L7VDa79tEvnTOJe0rPa.jpg,te
1: Nenokkadine,(2014),8.0,102,249772,tt2375559,/dYpqpA7BsDHeyAGs9AAEPhZmbck.jpg,te
Jersey,(2019),8.5,80,592898,tt8948790,/bU9q9yVtxeBiC0Do27CekHXNE6D.jpg,te
Athadu,(2005),8.2,80,37172,tt0471571,/ojZAu2KOemaDEfLnJXZeuU9QQko.jpg,te
Pokiri,(2006),8.0,76,23381,tt0816258,/rQ8NH5f3CxRrmqZWMZNYPwLmjDS.jpg,te
Hi Nanna,(2023),8.3,75,1068452,tt25433734,/hhMLtq9m1aK0dpY9Wcq26XeDH2z.jpg,te
Bharat Ane Nenu,(2018),7.4,75,501987,tt6980546,/a0hFV8G0ofyPgPEjVcYrueuxFex.jpg,te
Yevadu,(2014),5.9,75,215248,tt2211173,/euSAn9sVeS4Qnaj1ZWDw56gPi9W.jpg,te
DJ: Duvvada Jagannadham,(2017),6.0,70,443635,tt6734984,/hb0hntwxMyFz0HLLmXS3M4cae0P.jpg,te
Race Gurram,(2014),7.3,70,262227,tt3142764,/gu3bzAFuQH3fZEFnCsj9uWGZH0v.jpg,te
Peddi,(2026),5.8,69,1057265,tt23865918,/kJAJNNBYlbqAcpTDxBNnaILSMTy.jpg,te
Son of Satyamurthy,(2015),7.1,69,333876,tt4596814,/oQq3FMD952F8Rnu619O2boTK1Do.jpg,te
Khaleja,(2010),7.6,69,56986,tt1582519,/rsQbJT4vjyQe6Mpry1i8Tnf86wp.jpg,te
Mahanati,(2018),8.4,67,459713,tt7465992,/5hwtlwoLdSpkoeusT0sf8qW5VFB.jpg,te
Srimanthudu,(2015),7.5,66,353533,tt4727512,/qHSgSMZUiIqKCe76PBs6QuA6MRM.jpg,te
Businessman,(2012),7.2,66,83889,tt2071613,/hLF5o53irg0ZVV4ecLptkLgiTXq.jpg,te
Manam,(2014),7.9,65,253533,tt2926068,/pas4iupGgxk0UuhiILiWHDSkMBC.jpg,te
Agent Sai Srinivasa Athreya,(2019),8.3,64,610482,tt10214826,/jMVfhhWfHLawVp3kd55KBy3VBsW.jpg,te
Sarileru Neekevvaru,(2020),5.8,64,607313,tt10773090,/66MSawKC7nkqjD1BMlQHXl6y3C.jpg,te
Rebel,(2012),4.9,62,135870,tt2235858,/nwD0qvuk75C0a3uI7WT04BbZb2j.jpg,te
HIT: The Third Case,(2025),6.9,61,1060046,tt23804696,/wT9tGyFol4RBwkjESXUWeBdnLJn.jpg,te
Red,(2021),6.5,61,681435,tt11191344,/7cEEDAHhMGtoWfYXJxelVMRwLu0.jpg,te
HIT: The First Case,(2020),7.6,59,678391,tt11490170,/dMxentLHEJPBMQCPXHrUKluODpe.jpg,te
Sarrainodu,(2016),6.6,55,374954,tt5457772,/qbiW01I4uYXZ8LWoxinEsMGpIz4.jpg,te
Aarya,(2004),7.8,55,80880,tt0431619,/6f1LchtFTgpK2Np2incbHglLgoc.jpg,te
Dookudu,(2011),7.4,55,80276,tt1756476,/e9uffrN9z22uuiBF9B0bTDDvbjz.jpg,te
Oopiri,(2016),8.0,54,369925,tt5039054,/iXsJEdk1P3V2cm2TSRBuG8ZS1pz.jpg,te
Aarya 2,(2009),7.5,54,34763,tt1526323,/kjbbx8kV6pNhNXX9aRsVDwyEJbm.jpg,te
Janatha Garage,(2016),7.2,53,405924,tt5946852,/1RiIzc08FG6kBr0E4LpUwSmtwcE.jpg,te
Major,(2022),8.1,52,605153,tt9851854,/25tkF57bdYLDUnJTUEOkM8ovaEt.jpg,te
Goodachari,(2018),7.8,52,540189,tt7758160,/uG04EjdV1zrj91ROxP75jwRxxv0.jpg,te
HIT: The 2nd Case,(2022),7.1,50,811945,tt14279982,/tidXGOilCSa5sch1KGiEXrWeYCf.jpg,te
Dear Comrade,(2019),7.3,50,563604,tt8388508,/wEDh02aLl2fkCXi25V4MOOuEuWF.jpg,te
Shyam Singha Roy,(2021),7.6,49,799676,tt13349716,/5C2wGMdwTQDUMIltYnn9qGrOs8w.jpg,te
Julayi,(2012),7.2,49,125835,tt2330927,/tIUBifudyRCKhF1utslaDoDRteW.jpg,te
Okkadu,(2003),8.0,49,94965,tt0366840,/nVBa5QWSPrVzFyHK2XWrsruQzyl.jpg,te
Ante... Sundaraniki!,(2022),7.6,48,834654,tt13528564,/yzMsEhiW8ip3hweLCnu48t4RdWD.jpg,te
G-Zombie,(2021),4.5,47,794362,tt13209832,/wkugO5QrnKB3sJsl41Gg913BCsD.jpg,te
Naa Peru Surya - Naa Illu India,(2018),6.7,47,500494,tt7794524,/lWXaTnfdGu4qBqpsBCAUcqbRExp.jpg,te
Vedam,(2010),8.1,47,97342,tt1649431,/fwozjObCQSZsGdUw0dJXJSdEocj.jpg,te
Nannaku Prematho...,(2016),7.5,45,365187,tt5098128,/t8RGpSw86jKFpxxnjywVBNiuPx7.jpg,te
Temper,(2015),7.4,45,325699,tt4442758,/hA793thpccdoAHSOZ5GNbtdSQlC.jpg,te
Bheeshma,(2020),6.6,44,674779,tt11199356,/pE0ECn6buZNigSDFlpoIngDNAuD.jpg,te
Seethamma Vakitlo Sirimalle Chettu,(2013),7.5,44,193197,tt2198161,/sP0U5uHuLdc0m8pDqHhofyCqvL4.jpg,te
Bommarillu,(2006),8.2,44,31626,tt0843326,/oYN5XJzV9dYGwzq4fmp41xcIaDS.jpg,te
Bāhubali: The Epic,(2025),8.5,43,1511417,tt37893389,/z9YIo2qscyaXYgRqIdRJtND3bw8.jpg,te
Saripodhaa Sanivaaram,(2024),7.1,43,1194915,tt26903104,/e2yVhbMkpi4JvvdIhvRpS0Muge7.jpg,te
Hanu-Man,(2024),7.7,43,869760,tt15433956,/m1zq48rWSXxplzoJR8YtbXWnnHM.jpg,te
Pelli Choopulu,(2016),8.2,43,393841,tt5824826,/um5GCXgYAVwP46yzt9vD83MAXKd.jpg,te
Bruce Lee: The Fighter,(2015),5.5,43,364080,tt5038448,/qNYG0NLXcdZEW56pcOjrm0w6Vos.jpg,te
Happy,(2006),7.1,43,81060,tt0491775,/sLAm3iTltaHViglqcjUTJmmxHXO.jpg,te
Radhe Shyam,(2022),5.2,42,673392,tt8960382,/szAa23SWNIgJHsvSRyQrvyFT8ef.jpg,te
Majili,(2019),7.2,42,571610,tt8737614,/zR8ib7DFEten3AdbGDCqDxCI4Cx.jpg,te
Dhruva,(2016),7.7,42,410994,tt6027478,/hh7D1fLjet1Ce1kcCkk5TVr3g9O.jpg,te
Atharintiki Daaredi,(2013),7.3,42,224061,tt3042926,/htv7AcIhJc94dPmbkhVdZ5tFET7.jpg,te
Mirchi,(2013),7.3,42,176590,tt2469980,/rNj5OmO7KXkZsmsZO7XI6CX0aRs.jpg,te
Kick,(2009),7.9,42,60807,tt1579592,/lei28oUtPXyzGjkf6YKaIlAscAV.jpg,te
Virupaksha,(2023),7.2,41,1034590,tt24059780,/fqMn4h9ctOyumII2nXDnm5mRTxQ.jpg,te
Fidaa,(2017),7.4,41,467649,tt7159382,/cvpwHdJuUzm544lvleBIAxGdzBB.jpg,te
Mr. Perfect,(2011),7.0,41,63376,tt1852036,/tOYpxUX2ISEvdJ1FqwPUZAPy2Hy.jpg,te
Maharshi,(2019),7.2,40,541487,tt8333978,/vpLFrK2UitvZjHyzIUymGFlRpK5.jpg,te
Awe!,(2018),7.6,40,500723,tt7797658,/98Dn1D22PWmgwkEx7UEVLtpAPmk.jpg,te
Sye Raa Narasimha Reddy,(2019),7.2,40,496495,tt7283064,/uEheujJysophwGaqHWPu1UCPthl.jpg,te
Happy Days,(2007),7.9,40,199160,tt1214961,/9PTzngN3VOmxQg6vFOkAGFMSxWi.jpg,te
Brindavanam,(2010),7.1,40,56981,tt1661031,/8l2z3abBgXvIpQUEHLVt9sLMcCp.jpg,te
Evaru,(2019),8.1,39,607310,tt10545484,/kRxKI0ZuKTIp3BZJPHF9YoDYkaR.jpg,te
Aravinda Sametha Veera Raghava,(2018),7.3,39,534530,tt7765910,/5X6RP7hkrkTZP2TYE7r72H1cfOY.jpg,te
100% Love,(2011),7.0,39,63378,tt1869226,/xDuAT2K7kcN2kM9BP9lwwNqNWCD.jpg,te
Orange,(2010),6.6,39,57734,tt1533748,/3y2WLXeySVHExhR9VM5JwP8OPtw.jpg,te
Vikramarkudu,(2006),7.7,39,40909,tt0858492,/cRwUQdFPqNmECWLElxBxonuCixX.jpg,te
Bhaagamathie,(2018),6.9,38,485789,tt6727296,/quGwnd4DjXOX25aLwuuRJJ5YmlS.jpg,te
Rudhramadevi,(2015),5.6,38,315009,tt2807410,/55HwFA0pJlxbL8QqvzLFWsFH1fM.jpg,te
Nani's Gang Leader,(2019),7.6,37,612402,tt9675464,/ejXpzRk1jyZenFhYANehhk4vGcD.jpg,te
F2: Fun and Frustration,(2019),6.1,37,566914,tt8188610,/cuIiSZSPr7ioJJM5N0WZqSYLnJF.jpg,te
C/o Kancharapalem,(2018),8.8,37,544795,tt7391996,/8bgyfPih4bORxtnFCwinqVElkYg.jpg,te
Jai Lava Kusa,(2017),6.8,37,101736,tt6861726,/soaeBBssklbEo3Rq8JcdxG1yfTO.jpg,te
Darling,(2010),7.4,37,63414,tt1649303,/lUPhjbTUbOdprc9waFcB47bmKKE.jpg,te
Court: State vs. A Nobody,(2025),7.9,36,1424217,tt33307144,/4pEX67LJd7ZIqYWtksBtOgQEGcQ.jpg,te
Liger,(2022),2.6,36,787163,tt4435072,/bBZJAdfmcwhyvkwK1XajnHECdoY.jpg,te
Taxiwala,(2018),6.8,36,520393,tt8047208,/22nSwWSQ0sgo9gJxjWaGRlIJ0Mc.jpg,te
Guntur Kaaram,(2024),5.4,35,868660,tt14564000,/qvBt4YLy274ZmoMAfVlwmHkjVkq.jpg,te
Kshanam,(2016),8.2,35,386427,tt5504168,/j3ioiA4N4cQ0L5ALZuRpsZPP2eD.jpg,te
Nuvvu Naaku Nachav,(2001),8.8,35,82255,tt0311594,/z6F2Y7zddPFZ2ls9OY006egVClP.jpg,te
Chatrapathi,(2005),7.6,35,79210,tt0843328,/f9SjU4lj4jraX9WBYZAasbc79GX.jpg,te
Badrinath,(2011),4.5,35,77715,tt1625856,/lrhPSR8ok9u6OzciZ7aCXSdg4Mt.jpg,te
Arundhati,(2009),7.4,35,31629,tt1361809,/xQ0mGlnlAt6wLWZc3rm6LGFPzwl.jpg,te
The Rajasaab,(2026),3.5,34,1022453,tt23790696,/nvK6gYa4diCnQkDVN42uoYXPrdT.jpg,te
Iddarammayilatho,(2013),5.8,34,197999,tt2714622,/ch9MUo4wxU7rmoVZtwtVQsPFvHr.jpg,te
Kingdom,(2025),6.1,33,1124838,tt11773426,/6x0wmp2LlLqhEbd8XKjJpTHdHsT.jpg,te
Waltair Veerayya,(2023),6.2,33,989017,tt15281402,/g4mx225pbBH5i0KSjc3t1pO5hIy.jpg,te
Oh! Baby,(2019),7.3,33,607091,tt9348296,/3dXjxNtK3c5xFXJnTe8cnOBLqqp.jpg,te
Yamadonga,(2007),7.2,33,77043,tt0924317,/3CcAZYYkG0dralHCyOmouS6dNPh.jpg,te
Nuvvostanante Nenoddantana,(2005),7.8,33,74154,tt0455663,/zixbDSR1gOHgcATGdMaq20LjZEL.jpg,te
Parugu,(2008),7.1,33,23776,tt1198349,/3RYvVIZyNfYI6DRdljL42hA8zMr.jpg,te
Brochevarevarura,(2019),8.0,32,611754,tt9742334,/3DecGcOCBoFQ8dPyGbYOPoS4I4r.jpg,te
Hello!,(2017),7.3,32,494061,tt6816070,/8oVa20YGZMi3INlVFkCl453Cs21.jpg,te
A Aa,(2016),6.8,32,372399,tt5684466,/pDkmxToe0sNQGNaur5pYWGWFXEX.jpg,te
Oosaravelli,(2011),6.5,32,80281,tt1890493,/5gOZm6zPdTig01iZVG4m6t14G5W.jpg,te
Miss. Shetty Mr. Polishetty,(2023),7.0,31,1045385,tt15891388,/6S4BRlZPfzrludhsPDPVe6fEoxV.jpg,te
Dasara,(2023),6.6,31,885184,tt15440322,/8O4V2PHkI8mDvxAW3aeZDvRsYZd.jpg,te
Game Changer,(2025),5.0,31,811944,tt14209618,/qtOGsZoLW7QceqKmsOy5nSM6Aik.jpg,te
Mayabazar,(1957),9.1,31,158023,tt0249795,/pJfpDHlmVgMgg0VNCufj9gIhnbU.jpg,te
Enthiran,(2010),7.2,266,148284,tt1305797,/hai6CSCLxULO1RThjDP3lWAqOtQ.jpg,ta
Amaran,(2024),8.1,264,927342,tt27118357,/eCB06m1KUGilEOlIzb40nkQhVY0.jpg,ta
Maharaja,(2024),8.3,256,1118224,tt26548265,/s0m4TM1XRAftQStgKpw024RvkJo.jpg,ta
Jai Bhim,(2021),8.6,253,855400,tt15097216,/ehybiOtBUtrMkmtB39zQEtq1Jie.jpg,ta
Vikram Vedha,(2017),8.2,241,432139,tt6148156,/ob9YxdzRu5lfKgz0PNrlL45dorf.jpg,ta
Ratsasan,(2018),8.3,206,412862,tt7060344,/mRObdeazn263na5zXzZSRJTBvi7.jpg,ta
Vikram,(2022),8.3,186,743563,tt9179430,/774UV1aCURb4s4JfEFg3IEMu5Zj.jpg,ta
Kaithi,(2019),8.4,168,587030,tt9900782,/nKGt7HVC7rb8TvF10OZQ0nTymcI.jpg,ta
96,(2018),8.5,159,441717,tt7019842,/nrVloCa2hCFOztRF1DZU2jnWIiQ.jpg,ta
The Elephant Whisperers,(2022),7.5,150,1041580,tt23628262,/rRn0Uj2WXal7FkWWyKK0bleQlOy.jpg,ta
Leo,(2023),7.2,148,949229,tt15654328,/2XUHC4lp3tDsgfFLFygNZ2x2Um9.jpg,ta
Super Deluxe,(2019),8.2,141,432011,tt7019942,/rTsYDdFWyw87CTk4YgJO6nYmVcJ.jpg,ta
24,(2016),7.9,141,368006,tt4981966,/8d8TTADw3p75Zr4ypNWD66oqUXI.jpg,ta
I,(2015),7.4,140,263471,tt2302966,/pZioBfNL0BHl8JZ6P9ddqBNnFuj.jpg,ta
Master,(2021),7.4,134,626392,tt10579952,/wjbOlovDadOdPKkSAMohLCjbIsc.jpg,ta
Mersal,(2017),7.5,134,456287,tt6485666,/65Q1wpRPZ5E3UVUv2V5JBbJQCcj.jpg,ta
Jailer,(2023),7.2,127,937020,tt11663228,/pTmMxAHqX4vsIDE6HPPxOR0Q6TN.jpg,ta
Thuppakki,(2012),8.1,125,143010,tt2187153,/18Hvx5MDIVnoexyehnGmMQE1lod.jpg,ta
Anniyan,(2005),8.3,125,19978,tt0376127,/c00EX1zqb8DppHIRB6d51kN5Y27.jpg,ta
Theri,(2016),7.3,118,370076,tt5440700,/f6BhexotEqO3GejXa3FopBNGL6M.jpg,ta
Asuran,(2019),8.4,115,576928,tt9477520,/nA3rSb8Mqd5b7n6PzPwiQ0ZW43r.jpg,ta
Kaththi,(2014),8.1,112,263475,tt3801314,/y8hvai0Y96Fz1yqyvtAG0hnATuZ.jpg,ta
Ghajini,(2005),7.5,107,69636,tt0449951,/fWCiwGeABg5APrLGHV2IgxoP20N.jpg,ta
Thani Oruvan,(2015),8.4,105,280165,tt4987556,/90ZpZw1qZlt0RUVByJATFVUEeEm.jpg,ta
Pizza,(2012),7.9,86,139357,tt2585562,/ojC9NacZhfSwUn9aAMXUtDLV52e.jpg,ta
Indian,(1996),8.1,86,31521,tt0116630,/zhGayNbH2ZHWaJkhSv3qEhs5fy6.jpg,ta
Kannum Kannum Kollaiyadithaal,(2020),7.6,85,505951,tt8042292,/mwIdGye0iAmaHCBAqzfiHoRb0f2.jpg,ta
Visaranai,(2016),8.4,85,372226,tt4991384,/c1C0x8HDShlhaprftf8vDFqYkNo.jpg,ta
Star,(2024),6.6,84,1276338,tt28539705,/c74qjGjs6XEKYDTYc1bxRzRkigT.jpg,ta
Theeran Adhigaaram Ondru,(2017),8.2,84,456218,tt7060460,/ocRAXgjqCO8n4sVNxjKLqr1waMy.jpg,ta
Captain Miller,(2024),7.1,83,962074,tt22170036,/6qKnVaE5BvA2fO1L6r4i1ScX34G.jpg,ta
Bigil,(2019),6.7,83,563309,tt9260636,/bk6x3PHpTC3zpVHedGFfygHxbll.jpg,ta
Ayan,(2009),7.6,80,20049,tt1355546,/49UwEe5U1GuRC6W7difviwCgde2.jpg,ta
Game Over,(2019),6.9,79,553456,tt8914492,/vaw9N22LqyKedcIRQcQHonFuE2d.jpg,ta
Pariyerum Perumal,(2018),8.7,78,462718,tt8176054,/78YoIO3gzkZPC1jotfDmolNDmgT.jpg,ta
Singam,(2010),7.0,78,62756,tt1655607,/g7bsLSuEg3FuCY1o7uSzbxMUJLB.jpg,ta
Vaaranam Aayiram,(2008),8.2,78,38637,tt1180583,/3PxkiDTObsws7pzkdUiHCjOxVA4.jpg,ta
Velaiyilla Pattathari,(2014),7.9,76,262970,tt3822396,/fQ8JzXRf68xlzyquLn7TEe3S2Nh.jpg,ta
Mankatha,(2011),7.7,75,76788,tt1705772,/tZnDKJyUYfZKKPfBgVheU9vKlUo.jpg,ta
Ghilli,(2004),8.2,75,63647,tt0422320,/aUvUohnBgX5sbuMKNyKDAPAoVNc.jpg,ta
Chandramukhi,(2005),7.3,74,53122,tt0449869,/k5VwUvsvY0ft1vccTWBbbSTCVkY.jpg,ta
Baasha,(1995),8.3,74,49074,tt0139876,/xPSw9PLzYFKTVphw9ErZcBPKUsd.jpg,ta
Jigarthanda,(2014),8.2,73,270766,tt3569782,/oDcQE70RYc78iBYgHRknl64QKTu.jpg,ta
Roja,(1992),8.1,73,21463,tt0105271,/4vsfaW8actUgPRK79zgGlgpSSeB.jpg,ta
Imaikkaa Nodigal,(2018),7.3,72,415193,tt6186910,/mHkeMrAqW4TnRkeI1Xl8qwuGyPg.jpg,ta
Jilla,(2014),6.2,72,246087,tt2678948,/kUBsvLoyzgxTqTvuiE0PmJHpsRU.jpg,ta
Karnan,(2021),8.0,71,680652,tt11581174,/z5SxDcVWa9nokynVqBHb2IKk78J.jpg,ta
Spyder,(2017),6.3,71,452447,tt6522546,/tjHOHJ8RtmUle2tSpyumEf4ryeh.jpg,ta
Thiruchitrambalam,(2022),7.9,70,858067,tt11772746,/pBRkO5GHJqDB9D0fbumL5235JfJ.jpg,ta
O Kadhal Kanmani,(2015),7.4,70,329135,tt4271820,/fkgl9pkaUO6P13NQtP3hDiR9RA4.jpg,ta
Soodhu Kavvum,(2013),8.2,70,189227,tt2877108,/xItyli68pnToohrriXVhWlKe15B.jpg,ta
7Aum Arivu,(2011),6.6,70,86718,tt1725795,/lsQGGZxIztBnk5HzAu79Ug6TKpu.jpg,ta
Nanban,(2012),7.8,70,69537,tt2180477,/dmhPnvYQVtx4xS1dkA9trCpQXvY.jpg,ta
Blast,(2026),7.8,68,1515729,tt37971394,/lpsUpXieodUhN6DlK9ZDnjkysLk.jpg,ta
3,(2012),7.4,68,79660,tt2123129,/3JB3worSWdCp64oGxpncfotoAG0.jpg,ta
Pokkiri,(2007),7.6,68,59872,tt1451409,/uuLSscvrnDcxE9e0peMGRHbY2IW.jpg,ta
Varisu,(2023),5.9,67,835017,tt11998558,/iMUIsV6u0pPqfv1j8tGxbJw40sw.jpg,ta
Rocketry: The Nambi Effect,(2022),8.6,67,607145,tt9263550,/o7A1agEoXvwyyOmIbHnUhfnC34j.jpg,ta
Aruvi,(2017),8.3,66,423191,tt5867800,/dqyDZ3B5R7OrTjioigQ7kqt20eH.jpg,ta
DSP,(2022),3.6,64,806920,tt23557940,/A9U4gIzmu60puzuk59C0viwsHhZ.jpg,ta
Kaaka Muttai,(2015),8.3,64,264038,tt3973410,/xa8EJVtnxq6rMPBplGuv2BAS1pl.jpg,ta
Padayappa,(1999),8.3,64,47940,tt0213969,/8PSYF0AtpLbSlTDneCUo7zP4qL1.jpg,ta
Billa,(2007),7.3,64,23767,tt0920457,/g9skD62F7y6VJR5nPZOgpz1ckso.jpg,ta
Meiyazhagan,(2024),8.4,63,1136423,tt26758372,/ngDEH7YqVaMCAD4LpNxRl6ScJnw.jpg,ta
Ponniyin Selvan: Part II,(2023),7.2,63,858082,tt22444570,/1fMM5yjLYJNfO3CSQBpfC1kqeIK.jpg,ta
Raja Rani,(2013),7.6,63,224330,tt3203910,/szdy0Tmyc5zrz025JSTWx6EYICR.jpg,ta
Singam 2,(2013),6.4,63,191735,tt2309600,/6ENAxfZz4IY2NPu89R1SGObjiWF.jpg,ta
Love Today,(2022),8.0,62,1032627,tt22488728,/iRfIti4RhDFZ11UyCmz5Mk5wtGI.jpg,ta
Vinnaithaandi Varuvaayaa,(2010),8.1,62,37941,tt1609168,/AldNCoRJlhkzkBzKPmUalBdRCts.jpg,ta
Doctor,(2021),7.4,61,673692,tt11374902,/ySPT0USsuDFG9pqHjI50GYOeQmj.jpg,ta
Thalapathi,(1991),8.5,61,29811,tt0101649,/dpF1Ck1UvpW0ItT1EoX0xNYEhS8.jpg,ta
Dasavatharam,(2008),7.3,61,17888,tt0479651,/iD6ilUABEPd1hbijxdWCYHSetoi.jpg,ta
Ko,(2011),7.9,60,63654,tt1851988,/oe91RGQkLROh0rTNoStnse1p0qw.jpg,ta
U Turn,(2018),6.9,59,535657,tt8733898,/d5wL2axBtieecnAD6X4HMgrkXGp.jpg,ta
Bairavaa,(2017),5.8,59,411717,tt6201292,/qHWdlIGu1uZSgP9xSLg0L7yXuEP.jpg,ta
Yennai Arindhaal,(2015),7.3,59,300983,tt4258292,/hGQYVXiB16I7pPqQVSGqvgWIMkQ.jpg,ta
Jigarthanda DoubleX,(2023),8.0,57,1007074,tt24226474,/rlPTdgLfgsSv8WiQXRZ2AVIDwAi.jpg,ta
Vivegam,(2017),6.1,57,438731,tt6878378,/o31Fh66VeAmLWQ3HNObzTjbrWMH.jpg,ta
Maanagaram,(2017),8.1,57,412096,tt5559528,/vZjFz8O1xy8TSe6EGNsLtUzA1DZ.jpg,ta
Vedalam,(2015),6.3,57,362150,tt5178278,/cily2czYaIla7RoPQc8L1KO948e.jpg,ta
Naai Sekar Returns,(2022),4.2,56,882397,tt15326968,/dUEFAV28aUzHmde24JmlgvBaHSg.jpg,ta
Jagame Thandhiram,(2021),5.8,56,656113,tt10661848,/goLoLNagbnWpPQh4YQE9R2hSLqj.jpg,ta
Thalaivaa,(2013),6.2,56,202616,tt2617676,/5h2SfwKTbbp0T21kjrOPU3QMaHn.jpg,ta
Sarpatta Parambarai,(2021),8.4,55,796011,tt11580854,/3f2KrEoOTmQxfDWgeqqLQ1rCYWP.jpg,ta
Chekka Chivantha Vaanam,(2018),7.2,55,504184,tt7892050,/kzwMj4FZdeH37I9u9FIbmkmI2Jx.jpg,ta
Maari,(2015),6.4,55,311166,tt4859246,/hlZIYvuEl6mIEbtJYM4NM7RXSjw.jpg,ta
Aadukalam,(2011),8.1,54,68016,tt1821317,/osU8Egxu2xhS6RwkxDbfOMYjZZ2.jpg,ta
Iruvar,(1997),8.4,54,49032,tt0119385,/tyg4Fi9d6SzsemN8uhTuznKZUmD.jpg,ta
Viduthalai: Part I,(2023),8.3,53,786345,tt11396310,/oTxPji8PY3PL0SK9e4mkt2laJKg.jpg,ta
Thupparivaalan,(2017),7.5,53,410481,tt7190460,/jG10W7dT4tHb4dqJ9sB2miClGP7.jpg,ta
Anjaan,(2014),5.4,53,278258,tt3563156,/b3PM4bEQ1txDR30D2K79gGwvRIJ.jpg,ta
Kannathil Muthamittal,(2002),8.3,53,40998,tt0312859,/eypuf9fEWnTH6cSx6Pm82QGqp4r.jpg,ta
Dude,(2025),6.3,52,1321108,tt36388163,/oLUbL4RtynlTtKd1byseeOCkIZO.jpg,ta
Dragon,(2025),7.4,52,1273049,tt32080876,/vKNJPuejtE6Xrp6RK6LKsQcbL8L.jpg,ta
Maaveeran,(2023),7.4,52,987895,tt22543326,/gl3AeCuuFDsjhN4rKKFQ9O8mzrC.jpg,ta
Maanaadu,(2021),8.2,52,535156,tt4983780,/zO4mfRXYwuOYSy4YoXGVxh3oz1p.jpg,ta
Naanum Rowdydhaan,(2015),7.2,52,320910,tt5128328,/1fWnzmBxZMEJZZATogoMPebazYB.jpg,ta
Irumbu Thirai,(2018),7.6,51,487593,tt7179784,/5yDCAvDtgJ9q7Fgs7Jy94nhRbV4.jpg,ta
Hello,(1999),6.2,51,277875,tt12552710,/uA8i38ri4MpaWI3Lcy7fnWOIZMK.jpg,ta
Minnal Murali,(2021),7.8,350,657644,tt7268738,/efetKFDyptrRpoHBb103Tg3Auw5.jpg,ml
All We Imagine as Light,(2024),7.0,250,927547,tt32086077,/ruImrzB4POsrgwCMozmOBV67zs5.jpg,ml
Drishyam,(2013),8.3,235,244049,tt3417422,/gPBldHTnqpgsrnDnSrAlFwE6Q1t.jpg,ml
Drishyam 2,(2021),8.4,149,706872,tt12361178,/8RJBCUGE27LX06tAES4jTELN0KA.jpg,ml
Bangalore Days,(2014),8.3,145,268660,tt3668162,/iFMyZw1DTGvZ8hPa0eTseSFiRT1.jpg,ml
Marco,(2024),6.7,129,1186350,tt29383379,/il3ao5gcF6fZNqo1o9o7lusmEyU.jpg,ml
Premam,(2015),8.3,129,341895,tt4679210,/wfMgsfDrtouYOM6MbrkHtU96Xij.jpg,ml
Kumbalangi Nights,(2019),8.5,128,575351,tt8413338,/lJ3RvIirE2C7gdBKvPRaoQ3iCo2.jpg,ml
Ustad Hotel,(2012),8.2,114,117751,tt2218988,/88QYspKRArRutF3t0Bzj0JYFlcI.jpg,ml
Aavesham,(2024),7.8,106,1084812,tt26660021,/k5RWPaNjgRcNvGoawYaQHQwyctI.jpg,ml
The Goat Life,(2024),7.1,72,472221,tt5525650,/l7z3Skv1xLASnUt0whC4IInaXt0.jpg,ml
Lokah Chapter 1: Chandra,(2025),7.7,69,1290190,tt33372494,/nRn6is4m5sikO1rSoCoRT2rYtXB.jpg,ml
Joji,(2021),7.8,66,791779,tt13206926,/iXAUPTb8XNSf5B4zyUAEajz2vFu.jpg,ml
Hridayam,(2022),8.0,65,653221,tt11375428,/rMNzpbruCuBmYPWhaNLrKOlNKcu.jpg,ml
Trance,(2020),7.3,65,590077,tt6720802,/jur8vAsFMtwxqyAngXeXKZnqMSe.jpg,ml
Pulimurugan,(2016),6.7,65,353501,tt5297256,/onl4KNQ9Bso4sNRb3uM6RkRcVuj.jpg,ml
RDX: Robert Dony Xavier,(2023),7.0,64,997391,tt24517458,/y6QRQ0bHGt9Wc1BBTZsa1iB2PAm.jpg,ml
Virus,(2019),7.7,64,585261,tt8941440,/fd8BJ1j5BzaC9McYRW98PmeqkHo.jpg,ml
Angamaly Diaries,(2017),7.9,63,442000,tt6167894,/fwxgQakS3vUQIzgJMphQWHxAqr2.jpg,ml
Kurup,(2021),7.0,62,785585,tt7026666,/7DUKMFykp7pNpppbf8M6YDWrTYb.jpg,ml
Thondimuthalum Driksakshiyum,(2017),8.1,62,459719,tt5906392,/ki1EguwPuXM1t4UTDuaBqD8BLJi.jpg,ml
Mumbai Police,(2013),7.9,61,190945,tt2924472,/9DfBCt9eeHHXATtWvMV7ZA2Z1bs.jpg,ml
Kishkindha Kaandam,(2024),8.0,60,1025125,tt15980138,/rniBYHDRs6e8qMkPr4D4ZE5uMhF.jpg,ml
Romancham,(2023),7.5,57,976121,tt20249418,/9p8ux2AGYn3U2mEAbKmizAh6PL1.jpg,ml
Malik,(2021),8.0,57,665133,tt10919240,/kFBvlw5oiHghwqraQNhqpljsg91.jpg,ml
Ohm Shanthi Oshaana,(2014),7.7,56,257160,tt3517192,/9LmzSER1JP1dTqBf0eUnaeOE4Wb.jpg,ml
2018,(2023),8.3,55,866440,tt9006564,/uz9qc6lNGyqS2xvuXUfpJh2eP6b.jpg,ml
The Great Indian Kitchen,(2021),8.1,55,786064,tt13299890,/4jgiaVOGD8sTjWlwBdx8q5JMJM3.jpg,ml
Helen,(2019),7.7,54,640052,tt10735202,/166Gz2EQFwvGEyWU1sDtxOiGVAE.jpg,ml
Njan Prakashan,(2018),7.7,54,564177,tt8286926,/cCgltVXS9pnhuwEsN8saOFeievO.jpg,ml
Take Off,(2017),8.1,54,430521,tt6315524,/t8Sp0gyC0dLdzrHoZ4Knh78p5GE.jpg,ml
Kammatti Paadam,(2016),8.0,53,398786,tt5458088,/2zJoZn1EBR6UQDr6OdT4Og77zFn.jpg,ml
Neelakasham Pachakadal Chuvanna Bhoomi,(2013),7.6,51,209419,tt3061202,/yKvrZ53FBY9EzH2kLy4KdeyPpub.jpg,ml
Neram,(2013),7.5,51,190742,tt2922382,/cA5OgwysDaFmMGeEjUEG59aVoMs.jpg,ml
Memories,(2013),8.0,50,217389,tt3124456,/uyj5Yg0ricQTB9UZzd4ZDRYV9NF.jpg,ml
ABCD: American-Born Confused Desi,(2013),6.7,50,204261,tt2956300,/87iukoelBql5w3PIibajvcr7MTR.jpg,ml
Action Hero Biju,(2016),7.6,49,381374,tt5320514,/nQFi62nYw8CISzV0US6sb7v324v.jpg,ml
Iratta,(2023),7.7,48,945167,tt25406500,/4km0kB3EIZxrmWBybJzf6PtvZFn.jpg,ml
Thallumaala,(2022),7.0,48,863530,tt11075264,/4Y1tcQqAiUkAbc6SUJgoP73sE5S.jpg,ml
Nayattu,(2021),8.1,48,753946,tt11604676,/t1BC6XuqEGAAH0AAWXko0LUle1A.jpg,ml
Curry & Cyanide: The Jolly Joseph Case,(2023),6.7,47,1217392,tt30177031,/sdXu8YeDqg1qxEP9LJuTIFBtR5L.jpg,ml
Uyare,(2019),8.0,47,594712,tt9271408,/q29OsG9w1pLNHXEuEPYSA6pYWEO.jpg,ml
Varathan,(2018),7.5,47,545426,tt8188872,/8Aoq5itEfTisF232L5yQ6gIObEs.jpg,ml
Ee.Ma.Yau.,(2018),8.2,47,490078,tt7231194,/8NfC32RyRkgAFzQuW42PW3TigDv.jpg,ml
Mayaanadhi,(2017),7.6,47,458741,tt6915596,/mNxAgWdHPWOAUVcI4kEuXvpo97j.jpg,ml
Forensic,(2020),6.8,46,676792,tt10187680,/5nnOFdY23oTr1f8NjsebvREjJdf.jpg,ml
Kali,(2016),6.9,46,391036,tt5335128,/92JuEJ0bB6yVjikLj7oiUxmHdtU.jpg,ml
Thudarum,(2025),7.5,45,1261125,tt31969600,/uOTDBabtxHA6szYKQNQe9Y7rFlv.jpg,ml
Anweshippin Kandethum,(2024),7.4,45,834664,tt13885428,/i32ooxvEsy5V6hDucB7hsELT9Vo.jpg,ml
C U Soon,(2020),7.6,45,735120,tt12677092,/or5qouMAtv86TMeSgHpMGMWG4IN.jpg,ml
Kireedam,(1989),8.9,45,191017,tt0237376,/9mKxljfSzQ9UXpgEPLvGTwXvZUv.jpg,ml
Sookshmadarshini,(2024),7.8,44,950075,tt32495687,/jZN79hYiDyHPQVl8L6oeeGfzfuZ.jpg,ml
2 Countries,(2015),6.9,44,374232,tt4961334,/r3j6lUFsPBZOWmTww9G77kw1LCO.jpg,ml
Officer on Duty,(2025),7.5,43,1281091,tt34388152,/ucwirgaK4v9ylQyDkwoXJtDIlf7.jpg,ml
Mukundan Unni Associates™,(2022),7.9,43,880018,tt15546822,/7aEuV7eLbc0KXVBbtRZr1avWjSL.jpg,ml
#Home,(2021),8.8,43,859987,tt10534500,/pNG5VujToJkZNm6ZR9i6pJx5tsY.jpg,ml
Driving Licence,(2019),7.2,43,656858,tt9264336,/gKfu7bU8zR2m8a57GNNFBpolTaR.jpg,ml
Android Kunjappan Version 5.25,(2019),8.0,43,647206,tt9526826,/kVaC5ZfRpRJiMw9dn0Uj4dcYl4M.jpg,ml
Joseph,(2018),8.0,43,562326,tt8561086,/uwBm7hx6Exdb0KzLoPZzqieBlDO.jpg,ml
Ezra,(2017),6.6,43,428642,tt5892746,/3uk6RGZWy9aGr8lnsAv3CV9l9TX.jpg,ml
Neru,(2023),7.5,42,1164370,tt28358950,/38jB3gR4LxrJyIaHCgQQsdJa2YW.jpg,ml
Parava,(2017),8.0,42,470317,tt6212984,/2L6SAHw8VHEP18ePIK7L8ysAb7T.jpg,ml
Jomonte Suvisheshangal,(2017),6.6,42,432583,tt6059074,/bGGYarM9KGD61F7Rmdioz6TJOuk.jpg,ml
Nadodikkattu,(1987),8.8,41,275366,tt0282778,/ePuAtxBT6DDMHmk6eusFpIWi64A.jpg,ml
Spadikam,(1995),8.6,41,240179,tt0292246,/1bDOwCzW2cIVtRgeVQKn5ZTzcFf.jpg,ml
Churuli,(2021),7.0,40,721636,tt12625756,/gSjykY5ZuVWHK0C7k4CXZ5566No.jpg,ml
Ishq,(2019),7.5,40,603340,tt9448332,/4c2xi3iatdkXzIf6Q95xnsxlBh4.jpg,ml
Solo,(2017),7.1,40,459698,tt6613814,/iiDvCA9ry3G9SwAP5oKpDFH75YO.jpg,ml
Iyobinte Pusthakam,(2014),7.7,40,302638,tt4186118,/3xO6g6knjrotPdIW0BkGF8slfKR.jpg,ml
Vikramadithyan,(2014),7.0,40,285736,tt3895152,/zEjeB4sG92U3ZyJtChtSl5cyb7H.jpg,ml
North 24 Kaatham,(2013),7.6,40,224057,tt3198468,/p5mmJFoAch1GxGpy2HMQ9M0eQ16.jpg,ml
Traffic,(2011),8.1,40,142948,tt1821682,/3ficNeBPB03vUZ9N7okWftKpyr9.jpg,ml
Kilukkam,(1991),8.6,40,139476,tt0255306,/5F37oi8ClcxKBcwqwUlATHBd1mD.jpg,ml
Thattathin Marayathu,(2012),7.5,40,120150,tt2248028,/pJnwpWxAFMexmQrasF5oEQir0c3.jpg,ml
Rekhachithram,(2025),7.8,39,1290954,tt32284154,/ulIAyiSVQZL1Ov6K2Tjf6wPlzFi.jpg,ml
Guruvayoor Ambalanadayil,(2024),6.7,39,1068394,tt25400540,/iSS17YFooUA33FKsJ0yJhWZzylb.jpg,ml
Rorschach,(2022),6.9,39,950284,tt19886242,/hKVeDdgpjR8CAEd73ioDe7wni4o.jpg,ml
Jaya Jaya Jaya Jaya Hey,(2022),7.7,39,931132,tt22027654,/lAc6mHHJxmiAbkxrF0TipvRRZW7.jpg,ml
Varane Avashyamund,(2020),6.9,39,659731,tt11531530,/7CzcHo5GeqScKLFBC7p5Yyxnehk.jpg,ml
Thanneer Mathan Dinangal,(2019),7.8,39,618435,tt10551608,/5DbCWsIRUC1j2EG7oxQhoDOhPh2.jpg,ml
Aadu,(2015),7.1,39,326282,tt4511460,/dP1Xoc3X76Q97OUCpQTN9hftUST.jpg,ml
Devasuram,(1993),8.7,39,237672,tt0291855,/uHXwSFxtUlQemlI0lPE01Fv9S9j.jpg,ml
Unda,(2019),7.7,38,569101,tt7581552,/hHovOOmmBbYEoa0DHfL5YF8xg2B.jpg,ml
Yoddha,(1992),8.4,38,210737,tt0290937,/gff3TrVV2QMdPA9oow4vpkOBYBI.jpg,ml
Nna Thaan Case Kodu,(2022),8.0,37,864761,tt14188930,/qd4dZuYRmgJtBQUm1E8zclAZXE4.jpg,ml
Oru Vadakkan Selfie,(2015),6.7,37,332830,tt4557014,/jkVR9ufZELPcgWViPGJ6D0Y5ss8.jpg,ml
Narasimham,(2000),7.6,37,193932,tt0273870,/mdXaqs1d4E8ybyReHUvPuUBy03O.jpg,ml
Chithram,(1988),8.6,37,191335,tt0214585,/4Ajkl9RZLXR8dYqUTeOKptdUgOE.jpg,ml
Pranchiyettan & The Saint,(2010),8.3,37,79897,tt1695800,/lUuvRncu2qopplvguE7IdXVbU9R.jpg,ml
Eko,(2025),7.8,36,1070186,tt36616410,/tXdFEmtqLm8tewIErDJgnbTS9qs.jpg,ml
Kannur Squad,(2023),7.6,36,1065918,tt25274786,/mGR5OVq4edV7zMicFRdBAWyeCeu.jpg,ml
Sudani from Nigeria,(2018),8.1,36,504314,tt7581572,/53yLPoLX8c9nAGLfmnNdF01zrNc.jpg,ml
CIA: Comrade In America,(2017),6.4,36,439601,tt5925772,/1ke1nNHvASJ0kn1cs7PlCx1mWtH.jpg,ml
Aanandam,(2016),7.3,36,422603,tt5998104,/lf6uk5ukEhULKS4M386ah9Tv1Fz.jpg,ml
100 Days of Love,(2015),6.6,36,331330,tt3995348,/60jGGOP1xuj2P95mYva6lWgFUBr.jpg,ml
Kaalapani,(1996),8.5,36,255459,tt0255289,/byQ8bcRBpIOYW7OlNZCCYkAVUp2.jpg,ml
Thenmavin Kombath,(1994),8.1,36,247729,tt0255643,/i3HzOXGv3tfwiVJJiYqeUYZw48q.jpg,ml
Classmates,(2006),8.1,36,234838,tt0867145,/dJlCWyOdQek6so8sbHNeeizfDhP.jpg,ml
Grandmaster,(2012),6.9,36,105506,tt2345561,/t2iZIpbwHB0NftIwXTfe4N1dDyb.jpg,ml
Thanmathra,(2005),8.4,36,81168,tt0483180,/v8Z4PlXRvhc56LFVHvq5nMBLjAS.jpg,ml
Sarvam Maya,(2025),7.8,35,1473354,tt32362695,/mgLY1aQayVX6dQ2DiylLAhjEG8w.jpg,ml
King of Kotha,(2023),6.1,35,855117,tt15134398,/wjeEQfZCgoPaAZ1wRFMEsjNZ1Zk.jpg,ml
Bro Daddy,(2022),7.0,35,842275,tt14875116,/io8nwO6t74YVnRHWBaAQQdzMftI.jpg,ml
Aaram Thamburan,(1997),8.1,35,198254,tt0355169,/yExpzbpdW3ymmR5zG1ONTduEdvZ.jpg,ml
Amen,(2013),7.9,35,180048,tt2786278,/rJRm8lE1JHSoUgkPRu0CQRaYdne.jpg,ml
Godfather,(1991),8.6,35,134474,tt0353496,/xnsLPhy3IkgDFDZQjLofOgPDa5d.jpg,ml
Padakkalam,(2025),7.2,34,1251970,tt32919734,/9m4lvnqvwppA4BIoxqcWsWna5is.jpg,ml
Aattam,(2024),8.2,34,957926,tt27302079,/gjptPp7YlX1oy9yCjEpOdlrRisL.jpg,ml
Bhoothakaalam,(2022),7.5,34,881099,tt15560626,/sJgXdwMmglL7eauv1PJuKUvdtxr.jpg,ml
Irul,(2021),5.8,34,807158,tt13103212,/cePtRJSY9UCOrgBI2K6SeThOxz5.jpg,ml